image_id,format,target_size,file_path,brisque,niqe,nima,clip
testimages_cards_a,jpeg,25000,../imgs/jpeg_dec/25000/testimages_cards_a.png,42.81707763671875,5.512581977881543,4.349279403686523,0.3781684935092926
testimages_baloons,jpeg,25000,../imgs/jpeg_dec/25000/testimages_baloons.png,45.06903076171875,7.50636743943114,4.208506107330322,0.5724369287490845
testimages_almonds,jpeg,25000,../imgs/jpeg_dec/25000/testimages_almonds.png,42.62127685546875,5.0301489526276,4.166660785675049,0.3612394630908966
testimages_guitar_fret,jpeg,25000,../imgs/jpeg_dec/25000/testimages_guitar_fret.png,44.56610107421875,5.364653289585468,4.520199775695801,0.5617103576660156
testimages_plastic,jpeg,25000,../imgs/jpeg_dec/25000/testimages_plastic.png,24.53045654296875,5.938078219223308,5.012616157531738,0.7320656180381775
testimages_fence,jpeg,25000,../imgs/jpeg_dec/25000/testimages_fence.png,42.90155029296875,5.40795044111824,5.278622150421143,0.6353524327278137
testimages_ducks,jpeg,25000,../imgs/jpeg_dec/25000/testimages_ducks.png,46.04364013671875,7.996934617933997,4.497822284698486,0.6964870691299438
testimages_guitar_bridge,jpeg,25000,../imgs/jpeg_dec/25000/testimages_guitar_bridge.png,24.26727294921875,4.793488369309097,4.6393280029296875,0.5463701486587524
testimages_sweets,jpeg,25000,../imgs/jpeg_dec/25000/testimages_sweets.png,39.86102294921875,6.9459202141376615,4.068488597869873,0.4347385764122009
testimages_snails,jpeg,25000,../imgs/jpeg_dec/25000/testimages_snails.png,35.65057373046875,5.1403830118787,4.3463945388793945,0.4923933148384094
testimages_guitar_head,jpeg,25000,../imgs/jpeg_dec/25000/testimages_guitar_head.png,48.92889404296875,4.829418849032088,4.402913570404053,0.6521072387695312
testimages_bananas,jpeg,25000,../imgs/jpeg_dec/25000/testimages_bananas.png,28.93670654296875,5.675188667469376,4.088375568389893,0.7812466621398926
testimages_keyboard_b,jpeg,25000,../imgs/jpeg_dec/25000/testimages_keyboard_b.png,47.36981201171875,5.329225443212215,4.08192253112793,0.4843962788581848
testimages_scarf,jpeg,25000,../imgs/jpeg_dec/25000/testimages_scarf.png,62.35467529296875,7.422655150055253,4.485738277435303,0.3859315514564514
testimages_multimeter,jpeg,25000,../imgs/jpeg_dec/25000/testimages_multimeter.png,36.76434326171875,5.298285385800632,3.7751262187957764,0.5552898049354553
testimages_garden_table,jpeg,25000,../imgs/jpeg_dec/25000/testimages_garden_table.png,41.89666748046875,3.9962335882149143,4.544421672821045,0.6124748587608337
testimages_billiard_balls_b,jpeg,25000,../imgs/jpeg_dec/25000/testimages_billiard_balls_b.png,40.59832763671875,5.226577823986495,4.44484281539917,0.5033159852027893
testimages_carrots,jpeg,25000,../imgs/jpeg_dec/25000/testimages_carrots.png,35.63690185546875,5.152141286491797,5.157470703125,0.6060456037521362
testimages_pencils_b,jpeg,25000,../imgs/jpeg_dec/25000/testimages_pencils_b.png,68.36541748046875,5.32090372771683,5.410634994506836,0.6836520433425903
testimages_tools_b,jpeg,25000,../imgs/jpeg_dec/25000/testimages_tools_b.png,49.17840576171875,6.786688829034625,4.3335185050964355,0.6200132966041565
testimages_clips,jpeg,25000,../imgs/jpeg_dec/25000/testimages_clips.png,47.81536865234375,7.184177810289674,4.724250793457031,0.26482075452804565
testimages_socks,jpeg,25000,../imgs/jpeg_dec/25000/testimages_socks.png,29.02069091796875,4.4651466648374525,5.288069725036621,0.34017717838287354
testimages_screws,jpeg,25000,../imgs/jpeg_dec/25000/testimages_screws.png,52.01287841796875,6.243585415579521,4.734029293060303,0.216761514544487
testimages_building,jpeg,25000,../imgs/jpeg_dec/25000/testimages_building.png,35.19598388671875,5.4269224114845205,4.4336042404174805,0.524547278881073
testimages_coins,jpeg,25000,../imgs/jpeg_dec/25000/testimages_coins.png,40.27459716796875,4.790303309209578,4.170109748840332,0.565506100654602
testimages_flowers,jpeg,25000,../imgs/jpeg_dec/25000/testimages_flowers.png,34.96600341796875,5.253089919681218,3.863391876220703,0.5340399742126465
testimages_tools_a,jpeg,25000,../imgs/jpeg_dec/25000/testimages_tools_a.png,43.94891357421875,5.341192359783321,4.3078293800354,0.44624271988868713
testimages_roof,jpeg,25000,../imgs/jpeg_dec/25000/testimages_roof.png,99.59344482421875,14.789808932124627,4.888580322265625,0.5705004930496216
testimages_cushions,jpeg,25000,../imgs/jpeg_dec/25000/testimages_cushions.png,28.82489013671875,5.518349791660405,4.294015407562256,0.49401479959487915
testimages_cards_b,jpeg,25000,../imgs/jpeg_dec/25000/testimages_cards_b.png,25.71893310546875,8.56418443933522,4.903313159942627,0.4966227114200592
testimages_billiard_balls_a,jpeg,25000,../imgs/jpeg_dec/25000/testimages_billiard_balls_a.png,47.11737060546875,6.714406197979994,4.630399703979492,0.5004981756210327
testimages_chairs,jpeg,25000,../imgs/jpeg_dec/25000/testimages_chairs.png,70.72625732421875,10.725715804211989,5.5065155029296875,0.735860288143158
testimages_wood_game,jpeg,25000,../imgs/jpeg_dec/25000/testimages_wood_game.png,24.26239013671875,5.504023373776181,4.385837078094482,0.5619746446609497
testimages_pencils_a,jpeg,25000,../imgs/jpeg_dec/25000/testimages_pencils_a.png,78.41375732421875,5.9485615871999435,5.45930814743042,0.7308935523033142
testimages_tomatoes_a,jpeg,25000,../imgs/jpeg_dec/25000/testimages_tomatoes_a.png,45.20477294921875,9.140728755631748,4.732457637786865,0.5410478115081787
testimages_pillar,jpeg,25000,../imgs/jpeg_dec/25000/testimages_pillar.png,22.76434326171875,4.388798635198444,4.309098243713379,0.6797490119934082
testimages_lion,jpeg,25000,../imgs/jpeg_dec/25000/testimages_lion.png,13.50555419921875,4.565105026644846,4.536657333374023,0.7590735554695129
testimages_apples,jpeg,25000,../imgs/jpeg_dec/25000/testimages_apples.png,29.77020263671875,5.650472813133602,4.393686294555664,0.7394987940788269
testimages_keyboard_a,jpeg,25000,../imgs/jpeg_dec/25000/testimages_keyboard_a.png,23.40057373046875,8.341937031699022,4.8246965408325195,0.24829714000225067
testimages_tomatoes_b,jpeg,25000,../imgs/jpeg_dec/25000/testimages_tomatoes_b.png,46.23211669921875,9.155184208334738,4.187676429748535,0.31604138016700745
testimages_cards_a,jpeg,50000,../imgs/jpeg_dec/50000/testimages_cards_a.png,19.38153076171875,4.228578272684187,4.783538818359375,0.6136313676834106
testimages_baloons,jpeg,50000,../imgs/jpeg_dec/50000/testimages_baloons.png,37.79559326171875,6.395143096772702,4.458156108856201,0.5323580503463745
testimages_almonds,jpeg,50000,../imgs/jpeg_dec/50000/testimages_almonds.png,23.88739013671875,3.616776891094496,4.4802961349487305,0.47170600295066833
testimages_guitar_fret,jpeg,50000,../imgs/jpeg_dec/50000/testimages_guitar_fret.png,27.99041748046875,4.232463677196977,4.659707546234131,0.6076889038085938
testimages_plastic,jpeg,50000,../imgs/jpeg_dec/50000/testimages_plastic.png,20.46990966796875,5.92016331713799,5.154679298400879,0.7718682289123535
testimages_fence,jpeg,50000,../imgs/jpeg_dec/50000/testimages_fence.png,43.52117919921875,5.559866854855784,5.387429237365723,0.5997253656387329
testimages_ducks,jpeg,50000,../imgs/jpeg_dec/50000/testimages_ducks.png,41.18426513671875,7.032515025724469,4.860633373260498,0.7303186655044556
testimages_guitar_bridge,jpeg,50000,../imgs/jpeg_dec/50000/testimages_guitar_bridge.png,1.45526123046875,3.6897972889246593,4.826807022094727,0.6027786731719971
testimages_sweets,jpeg,50000,../imgs/jpeg_dec/50000/testimages_sweets.png,28.48309326171875,4.688037559765905,4.313995838165283,0.469277948141098
testimages_snails,jpeg,50000,../imgs/jpeg_dec/50000/testimages_snails.png,23.39569091796875,3.985987453008247,4.582648277282715,0.5636099576950073
testimages_guitar_head,jpeg,50000,../imgs/jpeg_dec/50000/testimages_guitar_head.png,32.36004638671875,3.271451080246045,4.691097736358643,0.7779393196105957
testimages_bananas,jpeg,50000,../imgs/jpeg_dec/50000/testimages_bananas.png,12.88494873046875,4.599396576061543,4.115416526794434,0.7997466921806335
testimages_keyboard_b,jpeg,50000,../imgs/jpeg_dec/50000/testimages_keyboard_b.png,30.92010498046875,4.308312954694052,4.168959617614746,0.4884258210659027
testimages_scarf,jpeg,50000,../imgs/jpeg_dec/50000/testimages_scarf.png,46.47235107421875,6.21503579444462,4.604380130767822,0.5276092290878296
testimages_multimeter,jpeg,50000,../imgs/jpeg_dec/50000/testimages_multimeter.png,21.04803466796875,3.0859121739852253,3.9317145347595215,0.5764415264129639
testimages_garden_table,jpeg,50000,../imgs/jpeg_dec/50000/testimages_garden_table.png,19.68231201171875,2.3859442665190875,4.686137676239014,0.6197308897972107
testimages_billiard_balls_b,jpeg,50000,../imgs/jpeg_dec/50000/testimages_billiard_balls_b.png,25.32196044921875,3.7693945927350456,4.674685478210449,0.4603918492794037
testimages_carrots,jpeg,50000,../imgs/jpeg_dec/50000/testimages_carrots.png,22.58563232421875,3.5642946187303095,5.257291793823242,0.515132486820221
testimages_pencils_b,jpeg,50000,../imgs/jpeg_dec/50000/testimages_pencils_b.png,66.55096435546875,4.693642457087581,5.497549533843994,0.6473773121833801
testimages_tools_b,jpeg,50000,../imgs/jpeg_dec/50000/testimages_tools_b.png,19.15496826171875,4.761430769917718,4.6189188957214355,0.683006227016449
testimages_clips,jpeg,50000,../imgs/jpeg_dec/50000/testimages_clips.png,95.86383056640625,14.079318683880421,5.120908737182617,0.3588947355747223
testimages_socks,jpeg,50000,../imgs/jpeg_dec/50000/testimages_socks.png,2.99725341796875,5.023282533105909,5.3344407081604,0.37258851528167725
testimages_screws,jpeg,50000,../imgs/jpeg_dec/50000/testimages_screws.png,32.28436279296875,4.900396792808004,4.855782985687256,0.4752040505409241
testimages_building,jpeg,50000,../imgs/jpeg_dec/50000/testimages_building.png,22.45965576171875,4.215543034244102,4.691255569458008,0.5150499939918518
testimages_coins,jpeg,50000,../imgs/jpeg_dec/50000/testimages_coins.png,17.92303466796875,2.9774750706585467,4.443432331085205,0.6165704131126404
testimages_flowers,jpeg,50000,../imgs/jpeg_dec/50000/testimages_flowers.png,17.74774169921875,3.879258201104136,4.283546447753906,0.6744722723960876
testimages_tools_a,jpeg,50000,../imgs/jpeg_dec/50000/testimages_tools_a.png,30.16082763671875,3.6354077713019324,4.541293621063232,0.3667506277561188
testimages_roof,jpeg,50000,../imgs/jpeg_dec/50000/testimages_roof.png,105.08026123046875,12.492984955231147,4.930286407470703,0.5875061750411987
testimages_cushions,jpeg,50000,../imgs/jpeg_dec/50000/testimages_cushions.png,21.22821044921875,4.407937686181661,4.381906032562256,0.3992310166358948
testimages_cards_b,jpeg,50000,../imgs/jpeg_dec/50000/testimages_cards_b.png,8.86248779296875,6.432654246531502,5.289530277252197,0.546451985836029
testimages_billiard_balls_a,jpeg,50000,../imgs/jpeg_dec/50000/testimages_billiard_balls_a.png,44.35906982421875,5.309666485453927,4.752676486968994,0.5047127604484558
testimages_chairs,jpeg,50000,../imgs/jpeg_dec/50000/testimages_chairs.png,65.89666748046875,8.353364543638337,5.561038970947266,0.7299513220787048
testimages_wood_game,jpeg,50000,../imgs/jpeg_dec/50000/testimages_wood_game.png,14.51971435546875,4.739131214869368,4.512191295623779,0.5499195456504822
testimages_pencils_a,jpeg,50000,../imgs/jpeg_dec/50000/testimages_pencils_a.png,73.05633544921875,5.5371982326050935,5.395620822906494,0.7261992692947388
testimages_tomatoes_a,jpeg,50000,../imgs/jpeg_dec/50000/testimages_tomatoes_a.png,35.00701904296875,7.803602792393779,5.020752429962158,0.545686662197113
testimages_pillar,jpeg,50000,../imgs/jpeg_dec/50000/testimages_pillar.png,13.37567138671875,3.008439404928092,4.467264652252197,0.7445691823959351
testimages_lion,jpeg,50000,../imgs/jpeg_dec/50000/testimages_lion.png,7.66375732421875,3.492350685348936,4.706538200378418,0.8036433458328247
testimages_apples,jpeg,50000,../imgs/jpeg_dec/50000/testimages_apples.png,21.22918701171875,4.41679527380412,4.513451099395752,0.7704158425331116
testimages_keyboard_a,jpeg,50000,../imgs/jpeg_dec/50000/testimages_keyboard_a.png,14.61688232421875,6.285401737808437,4.8084564208984375,0.4286859631538391
testimages_tomatoes_b,jpeg,50000,../imgs/jpeg_dec/50000/testimages_tomatoes_b.png,42.90203857421875,7.990826716043465,4.379955768585205,0.435722291469574
testimages_cards_a,jpeg,75000,../imgs/jpeg_dec/75000/testimages_cards_a.png,10.08660888671875,2.9321687950336517,4.8722147941589355,0.5902963280677795
testimages_baloons,jpeg,75000,../imgs/jpeg_dec/75000/testimages_baloons.png,37.25750732421875,6.080077331743908,4.514087200164795,0.48785391449928284
testimages_almonds,jpeg,75000,../imgs/jpeg_dec/75000/testimages_almonds.png,17.34100341796875,3.098844199903213,4.560820579528809,0.4794117510318756
testimages_guitar_fret,jpeg,75000,../imgs/jpeg_dec/75000/testimages_guitar_fret.png,24.04119873046875,3.919923591079806,4.712935447692871,0.571304202079773
testimages_plastic,jpeg,75000,../imgs/jpeg_dec/75000/testimages_plastic.png,22.42889404296875,6.087397096878205,5.083998203277588,0.7561447620391846
testimages_fence,jpeg,75000,../imgs/jpeg_dec/75000/testimages_fence.png,45.26678466796875,5.87367342185681,5.4039306640625,0.5291625261306763
testimages_ducks,jpeg,75000,../imgs/jpeg_dec/75000/testimages_ducks.png,39.13201904296875,7.186174604542375,4.926239490509033,0.7871743440628052
testimages_guitar_bridge,jpeg,75000,../imgs/jpeg_dec/75000/testimages_guitar_bridge.png,-4.83380126953125,4.0635415628743665,4.888570785522461,0.586077094078064
testimages_sweets,jpeg,75000,../imgs/jpeg_dec/75000/testimages_sweets.png,24.77264404296875,4.221831518313744,4.375795364379883,0.5337600708007812
testimages_snails,jpeg,75000,../imgs/jpeg_dec/75000/testimages_snails.png,21.00115966796875,3.7658688381555003,4.597026348114014,0.5726590752601624
testimages_guitar_head,jpeg,75000,../imgs/jpeg_dec/75000/testimages_guitar_head.png,26.37030029296875,2.8942103882022625,4.755467414855957,0.8268076777458191
testimages_bananas,jpeg,75000,../imgs/jpeg_dec/75000/testimages_bananas.png,13.92742919921875,5.11677861474961,4.096161365509033,0.8309137225151062
testimages_keyboard_b,jpeg,75000,../imgs/jpeg_dec/75000/testimages_keyboard_b.png,23.77996826171875,3.856330485504964,4.192480564117432,0.5567011833190918
testimages_scarf,jpeg,75000,../imgs/jpeg_dec/75000/testimages_scarf.png,44.96600341796875,5.994522627277089,4.648128986358643,0.5703125
testimages_multimeter,jpeg,75000,../imgs/jpeg_dec/75000/testimages_multimeter.png,12.42010498046875,2.874436862201186,3.9674835205078125,0.5950708389282227
testimages_garden_table,jpeg,75000,../imgs/jpeg_dec/75000/testimages_garden_table.png,12.20428466796875,2.125557984151094,4.7024946212768555,0.6393432021141052
testimages_billiard_balls_b,jpeg,75000,../imgs/jpeg_dec/75000/testimages_billiard_balls_b.png,21.02313232421875,3.4413445842873456,4.757151126861572,0.4380500316619873
testimages_carrots,jpeg,75000,../imgs/jpeg_dec/75000/testimages_carrots.png,16.96112060546875,3.4373036276463904,5.337069511413574,0.5358374118804932
testimages_pencils_b,jpeg,75000,../imgs/jpeg_dec/75000/testimages_pencils_b.png,66.42254638671875,4.893242237085015,5.510743141174316,0.6280186772346497
testimages_tools_b,jpeg,75000,../imgs/jpeg_dec/75000/testimages_tools_b.png,16.15838623046875,4.498824405331632,4.637188911437988,0.7199191451072693
testimages_clips,jpeg,75000,../imgs/jpeg_dec/75000/testimages_clips.png,96.83880615234375,13.657070607715148,5.141924858093262,0.3969237208366394
testimages_socks,jpeg,75000,../imgs/jpeg_dec/75000/testimages_socks.png,-3.02423095703125,5.44272828911479,5.315304279327393,0.3405306935310364
testimages_screws,jpeg,75000,../imgs/jpeg_dec/75000/testimages_screws.png,26.81170654296875,4.631225222650338,4.885974884033203,0.4997941553592682
testimages_building,jpeg,75000,../imgs/jpeg_dec/75000/testimages_building.png,21.63739013671875,4.137796642417853,4.732273101806641,0.5249889492988586
testimages_coins,jpeg,75000,../imgs/jpeg_dec/75000/testimages_coins.png,9.42352294921875,2.385591790559267,4.524662971496582,0.6312612295150757
testimages_flowers,jpeg,75000,../imgs/jpeg_dec/75000/testimages_flowers.png,14.04364013671875,3.488526409483138,4.36106538772583,0.6578093767166138
testimages_tools_a,jpeg,75000,../imgs/jpeg_dec/75000/testimages_tools_a.png,25.51434326171875,3.1989570168731523,4.629932880401611,0.3526867628097534
testimages_roof,jpeg,75000,../imgs/jpeg_dec/75000/testimages_roof.png,104.23504638671875,11.135894605928861,4.953551769256592,0.598254919052124
testimages_cushions,jpeg,75000,../imgs/jpeg_dec/75000/testimages_cushions.png,18.70526123046875,3.9288085820394287,4.418035507202148,0.45717334747314453
testimages_cards_b,jpeg,75000,../imgs/jpeg_dec/75000/testimages_cards_b.png,1.62127685546875,4.24176622737307,5.3318023681640625,0.5343936681747437
testimages_billiard_balls_a,jpeg,75000,../imgs/jpeg_dec/75000/testimages_billiard_balls_a.png,44.31365966796875,5.275115275321361,4.799281597137451,0.5007235407829285
testimages_chairs,jpeg,75000,../imgs/jpeg_dec/75000/testimages_chairs.png,63.83905029296875,8.099022481175583,5.589000225067139,0.6983559131622314
testimages_wood_game,jpeg,75000,../imgs/jpeg_dec/75000/testimages_wood_game.png,11.84490966796875,4.604385654841357,4.5223469734191895,0.5722869634628296
testimages_pencils_a,jpeg,75000,../imgs/jpeg_dec/75000/testimages_pencils_a.png,72.42205810546875,5.950648302401063,5.3876633644104,0.7075631618499756
testimages_tomatoes_a,jpeg,75000,../imgs/jpeg_dec/75000/testimages_tomatoes_a.png,31.39178466796875,7.314948509852519,5.107900619506836,0.5398306846618652
testimages_pillar,jpeg,75000,../imgs/jpeg_dec/75000/testimages_pillar.png,10.84002685546875,2.723883301359373,4.524625301361084,0.7466951608657837
testimages_lion,jpeg,75000,../imgs/jpeg_dec/75000/testimages_lion.png,5.07830810546875,3.417644119349599,4.741053581237793,0.7886615991592407
testimages_apples,jpeg,75000,../imgs/jpeg_dec/75000/testimages_apples.png,17.27899169921875,4.247804119203251,4.566819667816162,0.822210967540741
testimages_keyboard_a,jpeg,75000,../imgs/jpeg_dec/75000/testimages_keyboard_a.png,10.29217529296875,5.51539424468197,4.844861030578613,0.4363481402397156
testimages_tomatoes_b,jpeg,75000,../imgs/jpeg_dec/75000/testimages_tomatoes_b.png,40.07244873046875,6.749174575549008,4.440749168395996,0.39876797795295715
testimages_cards_a,jpeg,100000,../imgs/jpeg_dec/100000/testimages_cards_a.png,6.65447998046875,2.298951000834118,4.876986503601074,0.616205632686615
testimages_baloons,jpeg,100000,../imgs/jpeg_dec/100000/testimages_baloons.png,36.69354248046875,5.693599883469188,4.5290985107421875,0.5206335783004761
testimages_almonds,jpeg,100000,../imgs/jpeg_dec/100000/testimages_almonds.png,12.94158935546875,2.8710002703962467,4.575278282165527,0.48471641540527344
testimages_guitar_fret,jpeg,100000,../imgs/jpeg_dec/100000/testimages_guitar_fret.png,22.18182373046875,3.8696492441641275,4.725840091705322,0.5577226877212524
testimages_plastic,jpeg,100000,../imgs/jpeg_dec/100000/testimages_plastic.png,27.36346435546875,6.359225798599541,5.139768600463867,0.753000020980835
testimages_fence,jpeg,100000,../imgs/jpeg_dec/100000/testimages_fence.png,45.31121826171875,5.843399147568804,5.401291370391846,0.5471067428588867
testimages_ducks,jpeg,100000,../imgs/jpeg_dec/100000/testimages_ducks.png,37.98162841796875,7.129017135806195,4.926765441894531,0.7758427858352661
testimages_guitar_bridge,jpeg,100000,../imgs/jpeg_dec/100000/testimages_guitar_bridge.png,-6.45001220703125,4.224397817449803,4.833066940307617,0.6178153157234192
testimages_sweets,jpeg,100000,../imgs/jpeg_dec/100000/testimages_sweets.png,23.05096435546875,4.110271636960515,4.376292705535889,0.47994884848594666
testimages_snails,jpeg,100000,../imgs/jpeg_dec/100000/testimages_snails.png,19.70330810546875,3.7453253607766226,4.610391616821289,0.5824266672134399
testimages_guitar_head,jpeg,100000,../imgs/jpeg_dec/100000/testimages_guitar_head.png,24.36053466796875,2.8997708169871355,4.756904602050781,0.8076589703559875
testimages_bananas,jpeg,100000,../imgs/jpeg_dec/100000/testimages_bananas.png,10.71063232421875,4.7322781058173975,4.133739471435547,0.8218170404434204
testimages_keyboard_b,jpeg,100000,../imgs/jpeg_dec/100000/testimages_keyboard_b.png,20.28631591796875,3.8529826728945715,4.2266316413879395,0.5569778084754944
testimages_scarf,jpeg,100000,../imgs/jpeg_dec/100000/testimages_scarf.png,43.77069091796875,5.89820729634947,4.634605407714844,0.5843715667724609
testimages_multimeter,jpeg,100000,../imgs/jpeg_dec/100000/testimages_multimeter.png,11.45428466796875,2.6763760919130903,3.964599847793579,0.5856486558914185
testimages_garden_table,jpeg,100000,../imgs/jpeg_dec/100000/testimages_garden_table.png,8.66815185546875,1.9958902920540897,4.726447105407715,0.617849588394165
testimages_billiard_balls_b,jpeg,100000,../imgs/jpeg_dec/100000/testimages_billiard_balls_b.png,17.70037841796875,3.3532747202431294,4.782169818878174,0.4554476737976074
testimages_carrots,jpeg,100000,../imgs/jpeg_dec/100000/testimages_carrots.png,13.95526123046875,3.3823124834460834,5.341622352600098,0.5350584983825684
testimages_pencils_b,jpeg,100000,../imgs/jpeg_dec/100000/testimages_pencils_b.png,66.57586669921875,4.951545268695623,5.517257213592529,0.6179251670837402
testimages_tools_b,jpeg,100000,../imgs/jpeg_dec/100000/testimages_tools_b.png,12.62225341796875,4.898682530261159,4.694032669067383,0.7459334135055542
testimages_clips,jpeg,100000,../imgs/jpeg_dec/100000/testimages_clips.png,97.751953125,13.511552721310926,5.188841342926025,0.44492578506469727
testimages_socks,jpeg,100000,../imgs/jpeg_dec/100000/testimages_socks.png,-8.08721923828125,5.416616219742093,5.353917598724365,0.3396971523761749
testimages_screws,jpeg,100000,../imgs/jpeg_dec/100000/testimages_screws.png,24.88153076171875,4.594594882172039,4.905641078948975,0.4722634255886078
testimages_building,jpeg,100000,../imgs/jpeg_dec/100000/testimages_building.png,21.78680419921875,3.8871566616880315,4.738750457763672,0.5595928430557251
testimages_coins,jpeg,100000,../imgs/jpeg_dec/100000/testimages_coins.png,4.88885498046875,2.1238369479619608,4.553699970245361,0.6266306638717651
testimages_flowers,jpeg,100000,../imgs/jpeg_dec/100000/testimages_flowers.png,12.18475341796875,3.249724686335124,4.367448329925537,0.691083550453186
testimages_tools_a,jpeg,100000,../imgs/jpeg_dec/100000/testimages_tools_a.png,24.54949951171875,2.886407343626994,4.631840705871582,0.3501238226890564
testimages_roof,jpeg,100000,../imgs/jpeg_dec/100000/testimages_roof.png,104.76043701171875,10.038627274412146,4.96104097366333,0.5934731960296631
testimages_cushions,jpeg,100000,../imgs/jpeg_dec/100000/testimages_cushions.png,15.47576904296875,3.800588331499097,4.4134440422058105,0.3820701837539673
testimages_cards_b,jpeg,100000,../imgs/jpeg_dec/100000/testimages_cards_b.png,-1.92071533203125,3.729921547858636,5.341445446014404,0.4847815930843353
testimages_billiard_balls_a,jpeg,100000,../imgs/jpeg_dec/100000/testimages_billiard_balls_a.png,44.94354248046875,5.170230606273299,4.810892105102539,0.4853549003601074
testimages_chairs,jpeg,100000,../imgs/jpeg_dec/100000/testimages_chairs.png,62.84686279296875,8.106452178746515,5.602066993713379,0.6667346358299255
testimages_wood_game,jpeg,100000,../imgs/jpeg_dec/100000/testimages_wood_game.png,10.86785888671875,4.664626777113128,4.538978099822998,0.5476755499839783
testimages_pencils_a,jpeg,100000,../imgs/jpeg_dec/100000/testimages_pencils_a.png,72.01580810546875,6.034092704360698,5.394268035888672,0.7036281824111938
testimages_tomatoes_a,jpeg,100000,../imgs/jpeg_dec/100000/testimages_tomatoes_a.png,29.61590576171875,7.1133210301501935,5.119898796081543,0.6131750345230103
testimages_pillar,jpeg,100000,../imgs/jpeg_dec/100000/testimages_pillar.png,9.15985107421875,2.6351860883181915,4.527894973754883,0.802703857421875
testimages_lion,jpeg,100000,../imgs/jpeg_dec/100000/testimages_lion.png,3.47576904296875,3.440281357126382,4.736944675445557,0.8217690587043762
testimages_apples,jpeg,100000,../imgs/jpeg_dec/100000/testimages_apples.png,15.16473388671875,4.292627143138616,4.572121620178223,0.8144478797912598
testimages_keyboard_a,jpeg,100000,../imgs/jpeg_dec/100000/testimages_keyboard_a.png,7.80780029296875,5.255225016818004,4.907783508300781,0.4224916994571686
testimages_tomatoes_b,jpeg,100000,../imgs/jpeg_dec/100000/testimages_tomatoes_b.png,39.08563232421875,6.202106940673194,4.452748775482178,0.453275203704834
testimages_cards_a,jpeg,125000,../imgs/jpeg_dec/125000/testimages_cards_a.png,4.23455810546875,2.3169134080193725,4.913435459136963,0.5957013368606567
testimages_baloons,jpeg,125000,../imgs/jpeg_dec/125000/testimages_baloons.png,36.45574951171875,5.7290715309728455,4.523003578186035,0.489434152841568
testimages_almonds,jpeg,125000,../imgs/jpeg_dec/125000/testimages_almonds.png,10.91717529296875,2.862101058439745,4.5882391929626465,0.45884305238723755
testimages_guitar_fret,jpeg,125000,../imgs/jpeg_dec/125000/testimages_guitar_fret.png,20.75262451171875,3.847247144085655,4.735665321350098,0.5390887260437012
testimages_plastic,jpeg,125000,../imgs/jpeg_dec/125000/testimages_plastic.png,29.92694091796875,6.663897471364718,5.129383087158203,0.7514387369155884
testimages_fence,jpeg,125000,../imgs/jpeg_dec/125000/testimages_fence.png,46.09686279296875,5.944107893986381,5.398487567901611,0.522523820400238
testimages_ducks,jpeg,125000,../imgs/jpeg_dec/125000/testimages_ducks.png,36.08221435546875,6.969337555690071,4.944040298461914,0.7682892680168152
testimages_guitar_bridge,jpeg,125000,../imgs/jpeg_dec/125000/testimages_guitar_bridge.png,-7.63214111328125,4.417507972826528,4.885687351226807,0.607873797416687
testimages_sweets,jpeg,125000,../imgs/jpeg_dec/125000/testimages_sweets.png,21.63348388671875,4.083748957500078,4.387186050415039,0.5059790015220642
testimages_snails,jpeg,125000,../imgs/jpeg_dec/125000/testimages_snails.png,18.62957763671875,3.736919695264379,4.623416423797607,0.5620136260986328
testimages_guitar_head,jpeg,125000,../imgs/jpeg_dec/125000/testimages_guitar_head.png,23.76580810546875,2.93116882330691,4.762349605560303,0.8281447291374207
testimages_bananas,jpeg,125000,../imgs/jpeg_dec/125000/testimages_bananas.png,7.89715576171875,4.591974232000226,4.159381866455078,0.8171302676200867
testimages_keyboard_b,jpeg,125000,../imgs/jpeg_dec/125000/testimages_keyboard_b.png,19.91766357421875,4.000891577656635,4.227528095245361,0.564426839351654
testimages_scarf,jpeg,125000,../imgs/jpeg_dec/125000/testimages_scarf.png,43.15887451171875,5.8990744756355795,4.656291961669922,0.6517824530601501
testimages_multimeter,jpeg,125000,../imgs/jpeg_dec/125000/testimages_multimeter.png,12.33905029296875,2.6798022086280717,3.9763312339782715,0.6144963502883911
testimages_garden_table,jpeg,125000,../imgs/jpeg_dec/125000/testimages_garden_table.png,7.37518310546875,1.9053992702244682,4.6968841552734375,0.641067385673523
testimages_billiard_balls_b,jpeg,125000,../imgs/jpeg_dec/125000/testimages_billiard_balls_b.png,17.17498779296875,3.3911584798775984,4.803101539611816,0.45125046372413635
testimages_carrots,jpeg,125000,../imgs/jpeg_dec/125000/testimages_carrots.png,11.71209716796875,3.5106536296538433,5.351871013641357,0.5442879796028137
testimages_pencils_b,jpeg,125000,../imgs/jpeg_dec/125000/testimages_pencils_b.png,66.35711669921875,4.870069392708277,5.520557403564453,0.6153956651687622
testimages_tools_b,jpeg,125000,../imgs/jpeg_dec/125000/testimages_tools_b.png,11.95086669921875,5.242584537280147,4.671918869018555,0.745379626750946
testimages_clips,jpeg,125000,../imgs/jpeg_dec/125000/testimages_clips.png,98.884521484375,14.355628139809369,5.1845831871032715,0.45260244607925415
testimages_socks,jpeg,125000,../imgs/jpeg_dec/125000/testimages_socks.png,-10.22882080078125,5.203524725442432,5.35786771774292,0.36440443992614746
testimages_screws,jpeg,125000,../imgs/jpeg_dec/125000/testimages_screws.png,24.46893310546875,4.462204055001711,4.902196407318115,0.5472208857536316
testimages_building,jpeg,125000,../imgs/jpeg_dec/125000/testimages_building.png,22.59783935546875,3.78832372998826,4.735374927520752,0.5375730395317078
testimages_coins,jpeg,125000,../imgs/jpeg_dec/125000/testimages_coins.png,2.47088623046875,2.2091200055800257,4.575804233551025,0.638398289680481
testimages_flowers,jpeg,125000,../imgs/jpeg_dec/125000/testimages_flowers.png,11.62762451171875,3.304782252349707,4.374809265136719,0.6575509309768677
testimages_tools_a,jpeg,125000,../imgs/jpeg_dec/125000/testimages_tools_a.png,22.95037841796875,2.838861096032674,4.666500091552734,0.37655118107795715
testimages_roof,jpeg,125000,../imgs/jpeg_dec/125000/testimages_roof.png,104.27020263671875,10.031737099503683,4.957457542419434,0.6018623113632202
testimages_cushions,jpeg,125000,../imgs/jpeg_dec/125000/testimages_cushions.png,14.53680419921875,3.850201344920653,4.402398586273193,0.3768429756164551
testimages_cards_b,jpeg,125000,../imgs/jpeg_dec/125000/testimages_cards_b.png,-4.35479736328125,3.790832554261114,5.398036479949951,0.523389995098114
testimages_billiard_balls_a,jpeg,125000,../imgs/jpeg_dec/125000/testimages_billiard_balls_a.png,45.00360107421875,5.09646116850484,4.8111042976379395,0.4701331555843353
testimages_chairs,jpeg,125000,../imgs/jpeg_dec/125000/testimages_chairs.png,60.75701904296875,8.15595176558897,5.590124607086182,0.6489194631576538
testimages_wood_game,jpeg,125000,../imgs/jpeg_dec/125000/testimages_wood_game.png,9.01629638671875,4.703403259332334,4.539762020111084,0.5103082656860352
testimages_pencils_a,jpeg,125000,../imgs/jpeg_dec/125000/testimages_pencils_a.png,71.51043701171875,6.077520093166686,5.396656036376953,0.6822938323020935
testimages_tomatoes_a,jpeg,125000,../imgs/jpeg_dec/125000/testimages_tomatoes_a.png,29.21990966796875,7.1688367665464945,5.134504795074463,0.6004703640937805
testimages_pillar,jpeg,125000,../imgs/jpeg_dec/125000/testimages_pillar.png,8.91131591796875,2.612669243415811,4.537200450897217,0.7864540815353394
testimages_lion,jpeg,125000,../imgs/jpeg_dec/125000/testimages_lion.png,2.53729248046875,3.550542847175691,4.752444267272949,0.8104816675186157
testimages_apples,jpeg,125000,../imgs/jpeg_dec/125000/testimages_apples.png,14.00360107421875,4.3746163047926165,4.565205097198486,0.8109186887741089
testimages_keyboard_a,jpeg,125000,../imgs/jpeg_dec/125000/testimages_keyboard_a.png,7.11639404296875,5.33271669355839,4.902045249938965,0.47666555643081665
testimages_tomatoes_b,jpeg,125000,../imgs/jpeg_dec/125000/testimages_tomatoes_b.png,37.38446044921875,6.155824877373035,4.4551286697387695,0.4417183995246887
testimages_cards_a,jpeg,150000,../imgs/jpeg_dec/150000/testimages_cards_a.png,3.42498779296875,2.5317671420172108,4.93098783493042,0.5763572454452515
testimages_baloons,jpeg,150000,../imgs/jpeg_dec/150000/testimages_baloons.png,36.27215576171875,5.7374056629719075,4.531404495239258,0.4506185054779053
testimages_almonds,jpeg,150000,../imgs/jpeg_dec/150000/testimages_almonds.png,9.74237060546875,2.9992039703607896,4.593443393707275,0.5041567087173462
testimages_guitar_fret,jpeg,150000,../imgs/jpeg_dec/150000/testimages_guitar_fret.png,20.05242919921875,3.8725334613614204,4.73108434677124,0.4947505593299866
testimages_plastic,jpeg,150000,../imgs/jpeg_dec/150000/testimages_plastic.png,30.01434326171875,6.6841493236518135,5.1237993240356445,0.749658465385437
testimages_fence,jpeg,150000,../imgs/jpeg_dec/150000/testimages_fence.png,45.92987060546875,5.892781210280639,5.407917022705078,0.4971581995487213
testimages_ducks,jpeg,150000,../imgs/jpeg_dec/150000/testimages_ducks.png,34.66424560546875,6.881271200021167,4.943094730377197,0.7687129378318787
testimages_guitar_bridge,jpeg,150000,../imgs/jpeg_dec/150000/testimages_guitar_bridge.png,-7.70880126953125,4.43206859991607,4.891993045806885,0.5914106965065002
testimages_sweets,jpeg,150000,../imgs/jpeg_dec/150000/testimages_sweets.png,21.13494873046875,4.0791270455918545,4.401706218719482,0.4918631911277771
testimages_snails,jpeg,150000,../imgs/jpeg_dec/150000/testimages_snails.png,17.78826904296875,3.731141693562102,4.624342441558838,0.5335144996643066
testimages_guitar_head,jpeg,150000,../imgs/jpeg_dec/150000/testimages_guitar_head.png,23.48846435546875,2.976565457092296,4.755063533782959,0.8188956379890442
testimages_bananas,jpeg,150000,../imgs/jpeg_dec/150000/testimages_bananas.png,6.53533935546875,4.700431464827395,4.154730319976807,0.8147059679031372
testimages_keyboard_b,jpeg,150000,../imgs/jpeg_dec/150000/testimages_keyboard_b.png,20.06805419921875,3.9648217438988507,4.218181133270264,0.5764990448951721
testimages_scarf,jpeg,150000,../imgs/jpeg_dec/150000/testimages_scarf.png,42.03729248046875,6.1086775495533985,4.665277481079102,0.6201484203338623
testimages_multimeter,jpeg,150000,../imgs/jpeg_dec/150000/testimages_multimeter.png,13.88397216796875,2.73482018947638,3.9770355224609375,0.6173244714736938
testimages_garden_table,jpeg,150000,../imgs/jpeg_dec/150000/testimages_garden_table.png,6.96502685546875,1.895442386709567,4.696620464324951,0.6588242650032043
testimages_billiard_balls_b,jpeg,150000,../imgs/jpeg_dec/150000/testimages_billiard_balls_b.png,16.62615966796875,3.435646856453025,4.813861846923828,0.45323896408081055
testimages_carrots,jpeg,150000,../imgs/jpeg_dec/150000/testimages_carrots.png,11.06463623046875,3.4926249108513217,5.367246627807617,0.5542019605636597
testimages_pencils_b,jpeg,150000,../imgs/jpeg_dec/150000/testimages_pencils_b.png,66.34686279296875,4.832362243845092,5.522182941436768,0.6222439408302307
testimages_tools_b,jpeg,150000,../imgs/jpeg_dec/150000/testimages_tools_b.png,11.04559326171875,5.017987411625835,4.676064491271973,0.7356504201889038
testimages_clips,jpeg,150000,../imgs/jpeg_dec/150000/testimages_clips.png,100.65301513671875,13.171226436413045,5.1941680908203125,0.44964250922203064
testimages_socks,jpeg,150000,../imgs/jpeg_dec/150000/testimages_socks.png,-9.32257080078125,5.14854067193215,5.3684234619140625,0.3703528642654419
testimages_screws,jpeg,150000,../imgs/jpeg_dec/150000/testimages_screws.png,24.56756591796875,4.475650433254764,4.900911331176758,0.4967837929725647
testimages_building,jpeg,150000,../imgs/jpeg_dec/150000/testimages_building.png,22.88983154296875,3.778845773670274,4.742464542388916,0.5350117683410645
testimages_coins,jpeg,150000,../imgs/jpeg_dec/150000/testimages_coins.png,2.01092529296875,2.2904218233998206,4.587845802307129,0.6665797233581543
testimages_flowers,jpeg,150000,../imgs/jpeg_dec/150000/testimages_flowers.png,10.95721435546875,3.360460559519428,4.3820881843566895,0.6870548725128174
testimages_tools_a,jpeg,150000,../imgs/jpeg_dec/150000/testimages_tools_a.png,22.00506591796875,2.8194242738132407,4.6585187911987305,0.3835083842277527
testimages_roof,jpeg,150000,../imgs/jpeg_dec/150000/testimages_roof.png,103.36688232421875,9.496682452973717,4.959860801696777,0.5540248155593872
testimages_cushions,jpeg,150000,../imgs/jpeg_dec/150000/testimages_cushions.png,13.99285888671875,3.9603927128808287,4.398188591003418,0.3799101412296295
testimages_cards_b,jpeg,150000,../imgs/jpeg_dec/150000/testimages_cards_b.png,-6.06622314453125,3.930842165888171,5.412120819091797,0.542050838470459
testimages_billiard_balls_a,jpeg,150000,../imgs/jpeg_dec/150000/testimages_billiard_balls_a.png,44.18377685546875,5.026935724267139,4.814687252044678,0.4741499423980713
testimages_chairs,jpeg,150000,../imgs/jpeg_dec/150000/testimages_chairs.png,57.90155029296875,8.123126566908585,5.617733955383301,0.6699343323707581
testimages_wood_game,jpeg,150000,../imgs/jpeg_dec/150000/testimages_wood_game.png,9.01629638671875,4.703403259332334,4.539762020111084,0.5103082656860352
testimages_pencils_a,jpeg,150000,../imgs/jpeg_dec/150000/testimages_pencils_a.png,71.15203857421875,6.049636688991597,5.383481979370117,0.6870524287223816
testimages_tomatoes_a,jpeg,150000,../imgs/jpeg_dec/150000/testimages_tomatoes_a.png,28.30633544921875,7.130382180694603,5.140374660491943,0.5848528146743774
testimages_pillar,jpeg,150000,../imgs/jpeg_dec/150000/testimages_pillar.png,8.48651123046875,2.5656750417436633,4.533752918243408,0.7525230050086975
testimages_lion,jpeg,150000,../imgs/jpeg_dec/150000/testimages_lion.png,1.70428466796875,3.626052741919222,4.743142604827881,0.807500958442688
testimages_apples,jpeg,150000,../imgs/jpeg_dec/150000/testimages_apples.png,11.80047607421875,4.339435561965845,4.534952163696289,0.7961779832839966
testimages_keyboard_a,jpeg,150000,../imgs/jpeg_dec/150000/testimages_keyboard_a.png,6.83221435546875,5.512625202609815,4.9070563316345215,0.4833969473838806
testimages_tomatoes_b,jpeg,150000,../imgs/jpeg_dec/150000/testimages_tomatoes_b.png,36.68524169921875,6.128991757712314,4.462615966796875,0.43584656715393066
testimages_cards_a,jpeg,175000,../imgs/jpeg_dec/175000/testimages_cards_a.png,2.52166748046875,2.7966629794670634,4.92313289642334,0.5991150736808777
testimages_baloons,jpeg,175000,../imgs/jpeg_dec/175000/testimages_baloons.png,35.37371826171875,5.579657831548461,4.529655933380127,0.4352673888206482
testimages_almonds,jpeg,175000,../imgs/jpeg_dec/175000/testimages_almonds.png,7.90155029296875,2.9319289249580405,4.596528053283691,0.46356385946273804
testimages_guitar_fret,jpeg,175000,../imgs/jpeg_dec/175000/testimages_guitar_fret.png,20.22723388671875,3.9080087179505876,4.7350239753723145,0.4765162467956543
testimages_plastic,jpeg,175000,../imgs/jpeg_dec/175000/testimages_plastic.png,32.63787841796875,7.140333981014241,5.1385040283203125,0.7281937599182129
testimages_fence,jpeg,175000,../imgs/jpeg_dec/175000/testimages_fence.png,45.76336669921875,5.974084014683331,5.409262657165527,0.4968339800834656
testimages_ducks,jpeg,175000,../imgs/jpeg_dec/175000/testimages_ducks.png,34.66424560546875,6.881271200021167,4.943094730377197,0.7687129378318787
testimages_guitar_bridge,jpeg,175000,../imgs/jpeg_dec/175000/testimages_guitar_bridge.png,-8.31085205078125,4.392932759259656,4.905238628387451,0.5746170878410339
testimages_sweets,jpeg,175000,../imgs/jpeg_dec/175000/testimages_sweets.png,20.87811279296875,4.136677811460632,4.401008129119873,0.47656574845314026
testimages_snails,jpeg,175000,../imgs/jpeg_dec/175000/testimages_snails.png,17.51629638671875,3.744281305041974,4.618967056274414,0.47268661856651306
testimages_guitar_head,jpeg,175000,../imgs/jpeg_dec/175000/testimages_guitar_head.png,23.24139404296875,2.975730992675673,4.760959625244141,0.8120402097702026
testimages_bananas,jpeg,175000,../imgs/jpeg_dec/175000/testimages_bananas.png,4.89227294921875,4.709606066435162,4.166088104248047,0.8114496469497681
testimages_keyboard_b,jpeg,175000,../imgs/jpeg_dec/175000/testimages_keyboard_b.png,20.10614013671875,4.048299753255629,4.221879005432129,0.571323037147522
testimages_scarf,jpeg,175000,../imgs/jpeg_dec/175000/testimages_scarf.png,42.68524169921875,6.184581974929796,4.671178340911865,0.6141608357429504
testimages_multimeter,jpeg,175000,../imgs/jpeg_dec/175000/testimages_multimeter.png,14.33807373046875,2.7454054036234323,3.974921703338623,0.5919395685195923
testimages_garden_table,jpeg,175000,../imgs/jpeg_dec/175000/testimages_garden_table.png,7.16766357421875,1.889789923634035,4.721113204956055,0.6521540284156799
testimages_billiard_balls_b,jpeg,175000,../imgs/jpeg_dec/175000/testimages_billiard_balls_b.png,16.06512451171875,3.3283077822773732,4.819718360900879,0.44992464780807495
testimages_carrots,jpeg,175000,../imgs/jpeg_dec/175000/testimages_carrots.png,10.29852294921875,3.5816232538769097,5.360297679901123,0.4752677381038666
testimages_pencils_b,jpeg,175000,../imgs/jpeg_dec/175000/testimages_pencils_b.png,66.07489013671875,4.8369701242995475,5.517914772033691,0.602288544178009
testimages_tools_b,jpeg,175000,../imgs/jpeg_dec/175000/testimages_tools_b.png,11.53680419921875,4.8632144185590365,4.694084644317627,0.7279724478721619
testimages_clips,jpeg,175000,../imgs/jpeg_dec/175000/testimages_clips.png,101.13165283203125,13.983229951631516,5.192119598388672,0.42818576097488403
testimages_socks,jpeg,175000,../imgs/jpeg_dec/175000/testimages_socks.png,-8.01495361328125,4.915330977285452,5.358434677124023,0.33472973108291626
testimages_screws,jpeg,175000,../imgs/jpeg_dec/175000/testimages_screws.png,25.46307373046875,4.617199258399217,4.904469013214111,0.5013379454612732
testimages_building,jpeg,175000,../imgs/jpeg_dec/175000/testimages_building.png,23.17401123046875,3.7851369976968994,4.748245716094971,0.5337514877319336
testimages_coins,jpeg,175000,../imgs/jpeg_dec/175000/testimages_coins.png,1.56561279296875,2.2950878170282514,4.587336540222168,0.6744053959846497
testimages_flowers,jpeg,175000,../imgs/jpeg_dec/175000/testimages_flowers.png,10.65594482421875,3.412957997460726,4.389163970947266,0.6735922694206238
testimages_tools_a,jpeg,175000,../imgs/jpeg_dec/175000/testimages_tools_a.png,21.45526123046875,2.82730165856705,4.668419361114502,0.3574630618095398
testimages_roof,jpeg,175000,../imgs/jpeg_dec/175000/testimages_roof.png,102.44354248046875,9.386398051676757,4.960008144378662,0.5342265367507935
testimages_cushions,jpeg,175000,../imgs/jpeg_dec/175000/testimages_cushions.png,12.73114013671875,3.985388990844967,4.3991899490356445,0.37836921215057373
testimages_cards_b,jpeg,175000,../imgs/jpeg_dec/175000/testimages_cards_b.png,-6.62677001953125,3.9715706403219504,5.401663780212402,0.5360060334205627
testimages_billiard_balls_a,jpeg,175000,../imgs/jpeg_dec/175000/testimages_billiard_balls_a.png,44.18377685546875,5.026935724267139,4.814687252044678,0.4741499423980713
testimages_chairs,jpeg,175000,../imgs/jpeg_dec/175000/testimages_chairs.png,57.59246826171875,8.214693280841008,5.6035566329956055,0.6750414371490479
testimages_wood_game,jpeg,175000,../imgs/jpeg_dec/175000/testimages_wood_game.png,6.71405029296875,4.773804202326789,4.549957275390625,0.49318838119506836
testimages_pencils_a,jpeg,175000,../imgs/jpeg_dec/175000/testimages_pencils_a.png,71.15203857421875,6.049636688991597,5.383481979370117,0.6870524287223816
testimages_tomatoes_a,jpeg,175000,../imgs/jpeg_dec/175000/testimages_tomatoes_a.png,27.37908935546875,7.208789259453518,5.1418914794921875,0.5593098998069763
testimages_pillar,jpeg,175000,../imgs/jpeg_dec/175000/testimages_pillar.png,8.57147216796875,2.601739663100303,4.5278215408325195,0.7347326278686523
testimages_lion,jpeg,175000,../imgs/jpeg_dec/175000/testimages_lion.png,1.50506591796875,3.669339775077607,4.7509765625,0.8029767870903015
testimages_apples,jpeg,175000,../imgs/jpeg_dec/175000/testimages_apples.png,11.80047607421875,4.339435561965845,4.534952163696289,0.7961779832839966
testimages_keyboard_a,jpeg,175000,../imgs/jpeg_dec/175000/testimages_keyboard_a.png,6.51239013671875,5.479442927179226,4.900848865509033,0.48815733194351196
testimages_tomatoes_b,jpeg,175000,../imgs/jpeg_dec/175000/testimages_tomatoes_b.png,35.08563232421875,6.107445547299737,4.461714744567871,0.4056350588798523
testimages_cushions,j2k,25000,../imgs/j2k_dec/25000/testimages_cushions.png,39.98553466796875,7.810906069555911,4.353623390197754,0.3966229259967804
testimages_socks,j2k,25000,../imgs/j2k_dec/25000/testimages_socks.png,42.75653076171875,10.366048270540865,5.175254821777344,0.3499155640602112
testimages_cards_a,j2k,25000,../imgs/j2k_dec/25000/testimages_cards_a.png,50.13348388671875,9.803917217952383,4.248946666717529,0.30460458993911743
testimages_tools_a,j2k,25000,../imgs/j2k_dec/25000/testimages_tools_a.png,52.05731201171875,10.506800026732758,4.45200777053833,0.2720952332019806
testimages_keyboard_b,j2k,25000,../imgs/j2k_dec/25000/testimages_keyboard_b.png,52.05633544921875,6.094394648605041,4.31188440322876,0.47642797231674194
testimages_coins,j2k,25000,../imgs/j2k_dec/25000/testimages_coins.png,42.17352294921875,7.5134795176993485,3.975782632827759,0.5273524522781372
testimages_billiard_balls_b,j2k,25000,../imgs/j2k_dec/25000/testimages_billiard_balls_b.png,57.75115966796875,8.027931878169058,4.70903205871582,0.4118136465549469
testimages_screws,j2k,25000,../imgs/j2k_dec/25000/testimages_screws.png,51.41668701171875,12.236544010566217,4.712182521820068,0.46270594000816345
testimages_sweets,j2k,25000,../imgs/j2k_dec/25000/testimages_sweets.png,58.65789794921875,13.597826194659008,4.040121555328369,0.3064608573913574
testimages_wood_game,j2k,25000,../imgs/j2k_dec/25000/testimages_wood_game.png,36.36639404296875,8.168355423457195,4.433620929718018,0.4648684561252594
testimages_lion,j2k,25000,../imgs/j2k_dec/25000/testimages_lion.png,18.97039794921875,5.853216080251774,4.544031620025635,0.6645275950431824
testimages_scarf,j2k,25000,../imgs/j2k_dec/25000/testimages_scarf.png,54.75799560546875,17.584185182150872,4.517323017120361,0.3832302987575531
testimages_snails,j2k,25000,../imgs/j2k_dec/25000/testimages_snails.png,48.24285888671875,8.478512572184146,4.349892616271973,0.4605638086795807
testimages_garden_table,j2k,25000,../imgs/j2k_dec/25000/testimages_garden_table.png,42.11297607421875,7.55089558785452,4.569540023803711,0.6266626119613647
testimages_pencils_b,j2k,25000,../imgs/j2k_dec/25000/testimages_pencils_b.png,80.81024169921875,7.272903513324023,5.559736251831055,0.5800954699516296
testimages_roof,j2k,25000,../imgs/j2k_dec/25000/testimages_roof.png,106.10516357421875,11.853222276138935,4.8838677406311035,0.5515791773796082
testimages_clips,j2k,25000,../imgs/j2k_dec/25000/testimages_clips.png,53.74212646484375,17.07961697528188,4.809947490692139,0.24205970764160156
testimages_guitar_fret,j2k,25000,../imgs/j2k_dec/25000/testimages_guitar_fret.png,47.44891357421875,8.662893391889778,4.627985954284668,0.42284220457077026
testimages_plastic,j2k,25000,../imgs/j2k_dec/25000/testimages_plastic.png,21.95330810546875,9.662139548868463,4.986795902252197,0.7177130579948425
testimages_billiard_balls_a,j2k,25000,../imgs/j2k_dec/25000/testimages_billiard_balls_a.png,63.25848388671875,8.81476134884437,4.742882251739502,0.38761991262435913
testimages_almonds,j2k,25000,../imgs/j2k_dec/25000/testimages_almonds.png,53.93572998046875,11.012410670177424,4.182523727416992,0.29451853036880493
testimages_tomatoes_a,j2k,25000,../imgs/j2k_dec/25000/testimages_tomatoes_a.png,68.13348388671875,13.884891963103298,4.961395740509033,0.41940879821777344
testimages_pencils_a,j2k,25000,../imgs/j2k_dec/25000/testimages_pencils_a.png,84.81756591796875,10.03994232899917,5.5059814453125,0.7322980165481567
testimages_guitar_bridge,j2k,25000,../imgs/j2k_dec/25000/testimages_guitar_bridge.png,49.65887451171875,8.602421681956764,4.748126983642578,0.5324231386184692
testimages_multimeter,j2k,25000,../imgs/j2k_dec/25000/testimages_multimeter.png,39.41424560546875,7.470608223459077,3.8461720943450928,0.5445470213890076
testimages_building,j2k,25000,../imgs/j2k_dec/25000/testimages_building.png,38.97332763671875,8.97190753138158,4.427741527557373,0.45075884461402893
testimages_tools_b,j2k,25000,../imgs/j2k_dec/25000/testimages_tools_b.png,62.96844482421875,9.810308919702818,4.440448760986328,0.604576587677002
testimages_fence,j2k,25000,../imgs/j2k_dec/25000/testimages_fence.png,58.15985107421875,8.054517747771463,5.4058122634887695,0.3989655375480652
testimages_bananas,j2k,25000,../imgs/j2k_dec/25000/testimages_bananas.png,42.43768310546875,10.147610681876433,3.984797477722168,0.7630285024642944
testimages_guitar_head,j2k,25000,../imgs/j2k_dec/25000/testimages_guitar_head.png,49.66619873046875,8.626868088871719,4.492761611938477,0.6674512624740601
testimages_tomatoes_b,j2k,25000,../imgs/j2k_dec/25000/testimages_tomatoes_b.png,57.96600341796875,10.477311298845263,4.487066745758057,0.3282892107963562
testimages_keyboard_a,j2k,25000,../imgs/j2k_dec/25000/testimages_keyboard_a.png,20.41668701171875,11.869306629819036,4.685793399810791,0.27501505613327026
testimages_baloons,j2k,25000,../imgs/j2k_dec/25000/testimages_baloons.png,59.08514404296875,12.622928360545956,4.155966281890869,0.49145570397377014
testimages_ducks,j2k,25000,../imgs/j2k_dec/25000/testimages_ducks.png,62.27166748046875,11.539347708833628,4.696056842803955,0.6305196285247803
testimages_pillar,j2k,25000,../imgs/j2k_dec/25000/testimages_pillar.png,31.20477294921875,7.196110439889235,4.350225925445557,0.6379967927932739
testimages_cards_b,j2k,25000,../imgs/j2k_dec/25000/testimages_cards_b.png,26.21453857421875,7.815799266581528,4.620047092437744,0.29667073488235474
testimages_flowers,j2k,25000,../imgs/j2k_dec/25000/testimages_flowers.png,48.30633544921875,12.141516553537281,3.829479694366455,0.5270386934280396
testimages_chairs,j2k,25000,../imgs/j2k_dec/25000/testimages_chairs.png,84.04998779296875,12.081032926188449,5.626049995422363,0.6996363401412964
testimages_carrots,j2k,25000,../imgs/j2k_dec/25000/testimages_carrots.png,53.70916748046875,12.123253798670522,5.2513651847839355,0.44359293580055237
testimages_apples,j2k,25000,../imgs/j2k_dec/25000/testimages_apples.png,50.47137451171875,12.39143158255156,4.393540382385254,0.7678381204605103
testimages_cushions,j2k,50000,../imgs/j2k_dec/50000/testimages_cushions.png,28.96746826171875,5.315482875444091,4.388634204864502,0.40201932191848755
testimages_socks,j2k,50000,../imgs/j2k_dec/50000/testimages_socks.png,20.41033935546875,7.994623959129574,5.28079891204834,0.3060563802719116
testimages_cards_a,j2k,50000,../imgs/j2k_dec/50000/testimages_cards_a.png,23.81463623046875,4.825485090803745,4.670863151550293,0.324291855096817
testimages_tools_a,j2k,50000,../imgs/j2k_dec/50000/testimages_tools_a.png,40.49481201171875,7.6745456076514555,4.664603233337402,0.2782796621322632
testimages_keyboard_b,j2k,50000,../imgs/j2k_dec/50000/testimages_keyboard_b.png,40.42059326171875,5.272011282982413,4.221782684326172,0.48361867666244507
testimages_coins,j2k,50000,../imgs/j2k_dec/50000/testimages_coins.png,21.04803466796875,4.864082039497253,4.2916412353515625,0.5240579843521118
testimages_billiard_balls_b,j2k,50000,../imgs/j2k_dec/50000/testimages_billiard_balls_b.png,42.13006591796875,6.537493230928669,4.800971031188965,0.41597455739974976
testimages_screws,j2k,50000,../imgs/j2k_dec/50000/testimages_screws.png,38.00262451171875,7.293243283413767,4.845062732696533,0.4385007917881012
testimages_sweets,j2k,50000,../imgs/j2k_dec/50000/testimages_sweets.png,43.84490966796875,9.135879786572481,4.292721271514893,0.35334548354148865
testimages_wood_game,j2k,50000,../imgs/j2k_dec/50000/testimages_wood_game.png,26.85418701171875,6.054556436033336,4.541595935821533,0.48827362060546875
testimages_lion,j2k,50000,../imgs/j2k_dec/50000/testimages_lion.png,11.63006591796875,4.053905785647289,4.717496871948242,0.7206975817680359
testimages_scarf,j2k,50000,../imgs/j2k_dec/50000/testimages_scarf.png,54.74676513671875,9.852026485849706,4.608762741088867,0.4312341809272766
testimages_snails,j2k,50000,../imgs/j2k_dec/50000/testimages_snails.png,35.30780029296875,5.655299774420097,4.593257427215576,0.40268462896347046
testimages_garden_table,j2k,50000,../imgs/j2k_dec/50000/testimages_garden_table.png,23.35760498046875,4.2369822167663695,4.649178981781006,0.6091331839561462
testimages_pencils_b,j2k,50000,../imgs/j2k_dec/50000/testimages_pencils_b.png,75.96405029296875,5.869399109640324,5.5147480964660645,0.5887230038642883
testimages_roof,j2k,50000,../imgs/j2k_dec/50000/testimages_roof.png,104.66424560546875,12.0615901720236,4.989016532897949,0.4994540810585022
testimages_clips,j2k,50000,../imgs/j2k_dec/50000/testimages_clips.png,92.5078125,11.115858375908461,5.046319484710693,0.24522480368614197
testimages_guitar_fret,j2k,50000,../imgs/j2k_dec/50000/testimages_guitar_fret.png,41.65057373046875,5.9996967313669,4.7381181716918945,0.4140048921108246
testimages_plastic,j2k,50000,../imgs/j2k_dec/50000/testimages_plastic.png,18.91864013671875,7.103667019163106,5.067689418792725,0.7450827956199646
testimages_billiard_balls_a,j2k,50000,../imgs/j2k_dec/50000/testimages_billiard_balls_a.png,57.90887451171875,7.688613482927463,4.814477443695068,0.4171135425567627
testimages_almonds,j2k,50000,../imgs/j2k_dec/50000/testimages_almonds.png,33.65203857421875,7.901496757325028,4.409209728240967,0.39076894521713257
testimages_tomatoes_a,j2k,50000,../imgs/j2k_dec/50000/testimages_tomatoes_a.png,53.44500732421875,12.39302040318068,5.135982990264893,0.43184882402420044
testimages_pencils_a,j2k,50000,../imgs/j2k_dec/50000/testimages_pencils_a.png,80.77801513671875,7.984742091094542,5.425287246704102,0.7000885605812073
testimages_guitar_bridge,j2k,50000,../imgs/j2k_dec/50000/testimages_guitar_bridge.png,16.12811279296875,6.8100084664724765,4.891090393066406,0.4958694577217102
testimages_multimeter,j2k,50000,../imgs/j2k_dec/50000/testimages_multimeter.png,35.61444091796875,5.137474550309478,3.925414562225342,0.5620407462120056
testimages_building,j2k,50000,../imgs/j2k_dec/50000/testimages_building.png,31.41473388671875,5.541285865477068,4.639849662780762,0.44477710127830505
testimages_tools_b,j2k,50000,../imgs/j2k_dec/50000/testimages_tools_b.png,47.07147216796875,7.488930387782333,4.610062599182129,0.6661660075187683
testimages_fence,j2k,50000,../imgs/j2k_dec/50000/testimages_fence.png,54.33172607421875,6.998332332503117,5.423601150512695,0.43908119201660156
testimages_bananas,j2k,50000,../imgs/j2k_dec/50000/testimages_bananas.png,22.41522216796875,5.452883994827488,4.046041488647461,0.7781003713607788
testimages_guitar_head,j2k,50000,../imgs/j2k_dec/50000/testimages_guitar_head.png,36.05584716796875,6.1525835757884515,4.664706707000732,0.6832691431045532
testimages_tomatoes_b,j2k,50000,../imgs/j2k_dec/50000/testimages_tomatoes_b.png,53.34832763671875,9.012996796943698,4.5199384689331055,0.34301793575286865
testimages_keyboard_a,j2k,50000,../imgs/j2k_dec/50000/testimages_keyboard_a.png,11.61395263671875,9.217466394522354,4.857513427734375,0.34492820501327515
testimages_baloons,j2k,50000,../imgs/j2k_dec/50000/testimages_baloons.png,48.27264404296875,9.726827174859714,4.425682067871094,0.441621869802475
testimages_ducks,j2k,50000,../imgs/j2k_dec/50000/testimages_ducks.png,56.03533935546875,10.22345112166823,4.882669925689697,0.6870487928390503
testimages_pillar,j2k,50000,../imgs/j2k_dec/50000/testimages_pillar.png,18.27069091796875,4.518771971941605,4.501224040985107,0.6664050817489624
testimages_cards_b,j2k,50000,../imgs/j2k_dec/50000/testimages_cards_b.png,15.61590576171875,5.3694827629409465,5.197507381439209,0.3006429076194763
testimages_flowers,j2k,50000,../imgs/j2k_dec/50000/testimages_flowers.png,31.30828857421875,6.000063940835425,4.1719651222229,0.6035272479057312
testimages_chairs,j2k,50000,../imgs/j2k_dec/50000/testimages_chairs.png,77.62420654296875,10.38726843921442,5.623207092285156,0.7140002250671387
testimages_carrots,j2k,50000,../imgs/j2k_dec/50000/testimages_carrots.png,39.63299560546875,8.327431986132968,5.3331193923950195,0.4687361717224121
testimages_apples,j2k,50000,../imgs/j2k_dec/50000/testimages_apples.png,35.58758544921875,6.716533962650089,4.4151611328125,0.7745103240013123
testimages_cushions,j2k,75000,../imgs/j2k_dec/75000/testimages_cushions.png,21.63397216796875,4.206316172300194,4.412961483001709,0.39339613914489746
testimages_socks,j2k,75000,../imgs/j2k_dec/75000/testimages_socks.png,4.65740966796875,6.152746274640765,5.325348854064941,0.30146774649620056
testimages_cards_a,j2k,75000,../imgs/j2k_dec/75000/testimages_cards_a.png,14.39666748046875,3.330780523076192,4.7824578285217285,0.36476919054985046
testimages_tools_a,j2k,75000,../imgs/j2k_dec/75000/testimages_tools_a.png,35.34637451171875,6.022197398126672,4.680956840515137,0.2826167941093445
testimages_keyboard_b,j2k,75000,../imgs/j2k_dec/75000/testimages_keyboard_b.png,29.75604248046875,4.077258535773787,4.242666721343994,0.4948509633541107
testimages_coins,j2k,75000,../imgs/j2k_dec/75000/testimages_coins.png,12.35760498046875,4.17932910708601,4.443521976470947,0.5515225529670715
testimages_billiard_balls_b,j2k,75000,../imgs/j2k_dec/75000/testimages_billiard_balls_b.png,31.71697998046875,5.505649869240196,4.842557907104492,0.4170458912849426
testimages_screws,j2k,75000,../imgs/j2k_dec/75000/testimages_screws.png,32.42791748046875,5.721564334075645,4.897433757781982,0.39405661821365356
testimages_sweets,j2k,75000,../imgs/j2k_dec/75000/testimages_sweets.png,37.39764404296875,7.548381166895418,4.362085819244385,0.35837024450302124
testimages_wood_game,j2k,75000,../imgs/j2k_dec/75000/testimages_wood_game.png,21.27069091796875,5.129932709666073,4.5529398918151855,0.513884425163269
testimages_lion,j2k,75000,../imgs/j2k_dec/75000/testimages_lion.png,9.91668701171875,3.782626143812978,4.76325798034668,0.7576032280921936
testimages_scarf,j2k,75000,../imgs/j2k_dec/75000/testimages_scarf.png,51.89178466796875,7.670876763842905,4.663300514221191,0.460951030254364
testimages_snails,j2k,75000,../imgs/j2k_dec/75000/testimages_snails.png,30.06854248046875,4.915848752690051,4.642968654632568,0.39115557074546814
testimages_garden_table,j2k,75000,../imgs/j2k_dec/75000/testimages_garden_table.png,16.93524169921875,3.4700413745889684,4.697912693023682,0.591614842414856
testimages_pencils_b,j2k,75000,../imgs/j2k_dec/75000/testimages_pencils_b.png,72.96893310546875,5.540609781415322,5.537288665771484,0.6174673438072205
testimages_roof,j2k,75000,../imgs/j2k_dec/75000/testimages_roof.png,103.34881591796875,11.854036629318067,4.981577396392822,0.5089173316955566
testimages_clips,j2k,75000,../imgs/j2k_dec/75000/testimages_clips.png,95.07257080078125,11.724708230789268,5.141012191772461,0.27002257108688354
testimages_guitar_fret,j2k,75000,../imgs/j2k_dec/75000/testimages_guitar_fret.png,35.43768310546875,4.579632918836694,4.766208648681641,0.4590410590171814
testimages_plastic,j2k,75000,../imgs/j2k_dec/75000/testimages_plastic.png,18.33270263671875,6.342679810100684,5.145824432373047,0.7551695704460144
testimages_billiard_balls_a,j2k,75000,../imgs/j2k_dec/75000/testimages_billiard_balls_a.png,54.34393310546875,6.29447169874065,4.83551025390625,0.43606263399124146
testimages_almonds,j2k,75000,../imgs/j2k_dec/75000/testimages_almonds.png,22.47332763671875,4.51718104113601,4.525915622711182,0.395518958568573
testimages_tomatoes_a,j2k,75000,../imgs/j2k_dec/75000/testimages_tomatoes_a.png,44.13641357421875,10.759529382973938,5.154634475708008,0.44523945450782776
testimages_pencils_a,j2k,75000,../imgs/j2k_dec/75000/testimages_pencils_a.png,78.30389404296875,7.168466147801483,5.423555374145508,0.7098535299301147
testimages_guitar_bridge,j2k,75000,../imgs/j2k_dec/75000/testimages_guitar_bridge.png,4.58416748046875,5.3612006925135285,4.881951332092285,0.490588903427124
testimages_multimeter,j2k,75000,../imgs/j2k_dec/75000/testimages_multimeter.png,24.18280029296875,3.8061704594491848,3.9686169624328613,0.5736430287361145
testimages_building,j2k,75000,../imgs/j2k_dec/75000/testimages_building.png,29.19793701171875,4.680723760024246,4.7147111892700195,0.5133455991744995
testimages_tools_b,j2k,75000,../imgs/j2k_dec/75000/testimages_tools_b.png,32.49334716796875,6.334123506764545,4.664006233215332,0.6814695596694946
testimages_fence,j2k,75000,../imgs/j2k_dec/75000/testimages_fence.png,51.91717529296875,6.486888867184611,5.416506767272949,0.47649240493774414
testimages_bananas,j2k,75000,../imgs/j2k_dec/75000/testimages_bananas.png,13.30584716796875,4.652559132369744,4.101140975952148,0.7775384187698364
testimages_guitar_head,j2k,75000,../imgs/j2k_dec/75000/testimages_guitar_head.png,32.33563232421875,5.137878606254297,4.698246002197266,0.6830114126205444
testimages_tomatoes_b,j2k,75000,../imgs/j2k_dec/75000/testimages_tomatoes_b.png,49.59783935546875,7.909591703797524,4.498250484466553,0.3588453531265259
testimages_keyboard_a,j2k,75000,../imgs/j2k_dec/75000/testimages_keyboard_a.png,6.79217529296875,8.075930609474314,4.90558385848999,0.35738757252693176
testimages_baloons,j2k,75000,../imgs/j2k_dec/75000/testimages_baloons.png,44.10858154296875,8.319141414961344,4.51369047164917,0.4520016610622406
testimages_ducks,j2k,75000,../imgs/j2k_dec/75000/testimages_ducks.png,50.28240966796875,9.006635845733348,4.937330722808838,0.7135214805603027
testimages_pillar,j2k,75000,../imgs/j2k_dec/75000/testimages_pillar.png,13.70867919921875,3.200658715114276,4.534193992614746,0.6972062587738037
testimages_cards_b,j2k,75000,../imgs/j2k_dec/75000/testimages_cards_b.png,10.62615966796875,5.179107624079557,5.383730411529541,0.35180121660232544
testimages_flowers,j2k,75000,../imgs/j2k_dec/75000/testimages_flowers.png,23.61834716796875,5.319399668636387,4.291025161743164,0.5941877365112305
testimages_chairs,j2k,75000,../imgs/j2k_dec/75000/testimages_chairs.png,73.42987060546875,8.820163397262181,5.621308326721191,0.7088707089424133
testimages_carrots,j2k,75000,../imgs/j2k_dec/75000/testimages_carrots.png,28.27850341796875,5.743066129422402,5.3545427322387695,0.5010454654693604
testimages_apples,j2k,75000,../imgs/j2k_dec/75000/testimages_apples.png,27.16326904296875,5.489874272562701,4.5228590965271,0.7757381200790405
testimages_cushions,j2k,100000,../imgs/j2k_dec/100000/testimages_cushions.png,17.85174560546875,4.1095201526649845,4.415343284606934,0.3869706988334656
testimages_socks,j2k,100000,../imgs/j2k_dec/100000/testimages_socks.png,-4.46319580078125,4.806508064003202,5.330310344696045,0.3304433822631836
testimages_cards_a,j2k,100000,../imgs/j2k_dec/100000/testimages_cards_a.png,10.55389404296875,3.0602407478619438,4.837431907653809,0.4069543480873108
testimages_tools_a,j2k,100000,../imgs/j2k_dec/100000/testimages_tools_a.png,31.44012451171875,4.7923445438083565,4.698459625244141,0.31180447340011597
testimages_keyboard_b,j2k,100000,../imgs/j2k_dec/100000/testimages_keyboard_b.png,26.71405029296875,3.7294114664034015,4.253005504608154,0.4989643692970276
testimages_coins,j2k,100000,../imgs/j2k_dec/100000/testimages_coins.png,7.02606201171875,3.2511802420172353,4.504830837249756,0.5293095111846924
testimages_billiard_balls_b,j2k,100000,../imgs/j2k_dec/100000/testimages_billiard_balls_b.png,23.07049560546875,4.112395967448945,4.86259651184082,0.4333437383174896
testimages_screws,j2k,100000,../imgs/j2k_dec/100000/testimages_screws.png,29.14617919921875,5.157672358940152,4.934602737426758,0.39808183908462524
testimages_sweets,j2k,100000,../imgs/j2k_dec/100000/testimages_sweets.png,31.68914794921875,6.0970580984784,4.391811370849609,0.3912757933139801
testimages_wood_game,j2k,100000,../imgs/j2k_dec/100000/testimages_wood_game.png,18.02850341796875,4.840538692902659,4.5732622146606445,0.5345145463943481
testimages_lion,j2k,100000,../imgs/j2k_dec/100000/testimages_lion.png,8.39227294921875,3.6540980346302385,4.766618728637695,0.7592017650604248
testimages_scarf,j2k,100000,../imgs/j2k_dec/100000/testimages_scarf.png,47.43817138671875,6.351208748201931,4.6912384033203125,0.4905838966369629
testimages_snails,j2k,100000,../imgs/j2k_dec/100000/testimages_snails.png,26.39617919921875,4.296012028448941,4.655703544616699,0.4111781120300293
testimages_garden_table,j2k,100000,../imgs/j2k_dec/100000/testimages_garden_table.png,12.77459716796875,2.9573397048797805,4.706489086151123,0.5827100276947021
testimages_pencils_b,j2k,100000,../imgs/j2k_dec/100000/testimages_pencils_b.png,70.32196044921875,5.188769025182628,5.528671741485596,0.6083220839500427
testimages_roof,j2k,100000,../imgs/j2k_dec/100000/testimages_roof.png,102.63836669921875,12.100439084737804,4.9864821434021,0.5213849544525146
testimages_clips,j2k,100000,../imgs/j2k_dec/100000/testimages_clips.png,95.43634033203125,12.041182815769771,5.162609577178955,0.3193052411079407
testimages_guitar_fret,j2k,100000,../imgs/j2k_dec/100000/testimages_guitar_fret.png,29.81951904296875,4.263155390100746,4.784613609313965,0.4832613468170166
testimages_plastic,j2k,100000,../imgs/j2k_dec/100000/testimages_plastic.png,21.47625732421875,6.251106486783896,5.133718967437744,0.7531121373176575
testimages_billiard_balls_a,j2k,100000,../imgs/j2k_dec/100000/testimages_billiard_balls_a.png,52.53826904296875,5.734695239766369,4.847508430480957,0.4504839777946472
testimages_almonds,j2k,100000,../imgs/j2k_dec/100000/testimages_almonds.png,18.80047607421875,3.5569671103312843,4.586486339569092,0.42259255051612854
testimages_tomatoes_a,j2k,100000,../imgs/j2k_dec/100000/testimages_tomatoes_a.png,39.56268310546875,9.612060169474963,5.1897735595703125,0.46695342659950256
testimages_pencils_a,j2k,100000,../imgs/j2k_dec/100000/testimages_pencils_a.png,76.70037841796875,6.748040180245479,5.4136433601379395,0.7218440771102905
testimages_guitar_bridge,j2k,100000,../imgs/j2k_dec/100000/testimages_guitar_bridge.png,-1.09747314453125,5.091988806247237,4.873723983764648,0.5007897019386292
testimages_multimeter,j2k,100000,../imgs/j2k_dec/100000/testimages_multimeter.png,20.09881591796875,3.400559737656737,3.991203784942627,0.5713911056518555
testimages_building,j2k,100000,../imgs/j2k_dec/100000/testimages_building.png,28.13690185546875,4.118641413462425,4.743403434753418,0.5229681134223938
testimages_tools_b,j2k,100000,../imgs/j2k_dec/100000/testimages_tools_b.png,25.56463623046875,5.789688978917485,4.673858165740967,0.6840327382087708
testimages_fence,j2k,100000,../imgs/j2k_dec/100000/testimages_fence.png,50.67010498046875,6.259735723184612,5.4135637283325195,0.4889872074127197
testimages_bananas,j2k,100000,../imgs/j2k_dec/100000/testimages_bananas.png,14.05438232421875,4.90928698642752,4.134654998779297,0.7825026512145996
testimages_guitar_head,j2k,100000,../imgs/j2k_dec/100000/testimages_guitar_head.png,30.25067138671875,4.410755277881455,4.723557472229004,0.6898609399795532
testimages_tomatoes_b,j2k,100000,../imgs/j2k_dec/100000/testimages_tomatoes_b.png,46.73358154296875,7.62276910774237,4.478178977966309,0.361228883266449
testimages_keyboard_a,j2k,100000,../imgs/j2k_dec/100000/testimages_keyboard_a.png,5.32098388671875,7.530876419811878,4.902162075042725,0.3573148846626282
testimages_baloons,j2k,100000,../imgs/j2k_dec/100000/testimages_baloons.png,41.30877685546875,7.501646926204338,4.567102432250977,0.4777018129825592
testimages_ducks,j2k,100000,../imgs/j2k_dec/100000/testimages_ducks.png,47.05389404296875,8.326253069973522,4.966005325317383,0.731596827507019
testimages_pillar,j2k,100000,../imgs/j2k_dec/100000/testimages_pillar.png,11.69647216796875,2.9234561635529936,4.534638404846191,0.7105129957199097
testimages_cards_b,j2k,100000,../imgs/j2k_dec/100000/testimages_cards_b.png,7.71600341796875,5.313993024544048,5.434601783752441,0.3977501094341278
testimages_flowers,j2k,100000,../imgs/j2k_dec/100000/testimages_flowers.png,18.27655029296875,4.436554219276932,4.350240707397461,0.5925258994102478
testimages_chairs,j2k,100000,../imgs/j2k_dec/100000/testimages_chairs.png,70.63104248046875,8.534922625579185,5.608407974243164,0.7157358527183533
testimages_carrots,j2k,100000,../imgs/j2k_dec/100000/testimages_carrots.png,19.40301513671875,4.286186614417273,5.357161521911621,0.49723678827285767
testimages_apples,j2k,100000,../imgs/j2k_dec/100000/testimages_apples.png,23.82391357421875,4.8473300398847385,4.506465911865234,0.7801634073257446
testimages_cushions,j2k,125000,../imgs/j2k_dec/125000/testimages_cushions.png,17.97625732421875,4.150440413215206,4.414433002471924,0.3934994339942932
testimages_socks,j2k,125000,../imgs/j2k_dec/125000/testimages_socks.png,-6.01544189453125,4.509142414842216,5.325164794921875,0.35434722900390625
testimages_cards_a,j2k,125000,../imgs/j2k_dec/125000/testimages_cards_a.png,8.36932373046875,3.0228381709521037,4.882875919342041,0.43549856543540955
testimages_tools_a,j2k,125000,../imgs/j2k_dec/125000/testimages_tools_a.png,29.31561279296875,4.268586312668722,4.675469875335693,0.31446540355682373
testimages_keyboard_b,j2k,125000,../imgs/j2k_dec/125000/testimages_keyboard_b.png,22.04608154296875,3.6034393570603824,4.263542175292969,0.5121904611587524
testimages_coins,j2k,125000,../imgs/j2k_dec/125000/testimages_coins.png,4.70672607421875,2.8885509346978644,4.525153636932373,0.5292905569076538
testimages_billiard_balls_b,j2k,125000,../imgs/j2k_dec/125000/testimages_billiard_balls_b.png,21.14080810546875,3.795469419041906,4.860238075256348,0.44712743163108826
testimages_screws,j2k,125000,../imgs/j2k_dec/125000/testimages_screws.png,29.29559326171875,5.031737921377474,4.926535606384277,0.433641254901886
testimages_sweets,j2k,125000,../imgs/j2k_dec/125000/testimages_sweets.png,30.00701904296875,5.629134104574376,4.400264263153076,0.40780171751976013
testimages_wood_game,j2k,125000,../imgs/j2k_dec/125000/testimages_wood_game.png,17.42401123046875,4.853658456781017,4.562376022338867,0.5466654300689697
testimages_lion,j2k,125000,../imgs/j2k_dec/125000/testimages_lion.png,7.67547607421875,3.7439832200949055,4.763199806213379,0.7677319049835205
testimages_scarf,j2k,125000,../imgs/j2k_dec/125000/testimages_scarf.png,47.18133544921875,6.157246456964552,4.6940813064575195,0.5000256299972534
testimages_snails,j2k,125000,../imgs/j2k_dec/125000/testimages_snails.png,24.90740966796875,4.09432738704956,4.646538734436035,0.4156513214111328
testimages_garden_table,j2k,125000,../imgs/j2k_dec/125000/testimages_garden_table.png,9.52069091796875,2.559133426673478,4.71611213684082,0.5706749558448792
testimages_pencils_b,j2k,125000,../imgs/j2k_dec/125000/testimages_pencils_b.png,69.64031982421875,5.07182469877823,5.5320258140563965,0.6044760346412659
testimages_roof,j2k,125000,../imgs/j2k_dec/125000/testimages_roof.png,102.41424560546875,11.964868275872595,4.987344264984131,0.5198060274124146
testimages_clips,j2k,125000,../imgs/j2k_dec/125000/testimages_clips.png,96.55621337890625,11.86287603059956,5.178962230682373,0.37270957231521606
testimages_guitar_fret,j2k,125000,../imgs/j2k_dec/125000/testimages_guitar_fret.png,26.84979248046875,4.244972982303863,4.778276443481445,0.4687013626098633
testimages_plastic,j2k,125000,../imgs/j2k_dec/125000/testimages_plastic.png,24.80291748046875,6.339209519251708,5.1410088539123535,0.7544752359390259
testimages_billiard_balls_a,j2k,125000,../imgs/j2k_dec/125000/testimages_billiard_balls_a.png,51.51629638671875,5.509443381597408,4.846001625061035,0.458254337310791
testimages_almonds,j2k,125000,../imgs/j2k_dec/125000/testimages_almonds.png,15.19647216796875,2.9976656147401375,4.592005729675293,0.42855867743492126
testimages_tomatoes_a,j2k,125000,../imgs/j2k_dec/125000/testimages_tomatoes_a.png,36.78973388671875,8.890398175981938,5.1943559646606445,0.4781534671783447
testimages_pencils_a,j2k,125000,../imgs/j2k_dec/125000/testimages_pencils_a.png,74.94305419921875,6.36230133912059,5.4177751541137695,0.7312937378883362
testimages_guitar_bridge,j2k,125000,../imgs/j2k_dec/125000/testimages_guitar_bridge.png,-5.88946533203125,4.746120562678133,4.876226425170898,0.4878043234348297
testimages_multimeter,j2k,125000,../imgs/j2k_dec/125000/testimages_multimeter.png,17.05877685546875,3.162122911535989,3.9976141452789307,0.573601484298706
testimages_building,j2k,125000,../imgs/j2k_dec/125000/testimages_building.png,27.60809326171875,4.100592967469306,4.745125770568848,0.5211300253868103
testimages_tools_b,j2k,125000,../imgs/j2k_dec/125000/testimages_tools_b.png,20.50897216796875,5.359157413885983,4.692481517791748,0.6975213885307312
testimages_fence,j2k,125000,../imgs/j2k_dec/125000/testimages_fence.png,49.72088623046875,6.153804702763195,5.407046794891357,0.4967697560787201
testimages_bananas,j2k,125000,../imgs/j2k_dec/125000/testimages_bananas.png,10.64569091796875,4.767485342650118,4.124833106994629,0.7929540872573853
testimages_guitar_head,j2k,125000,../imgs/j2k_dec/125000/testimages_guitar_head.png,29.53875732421875,4.160177042086376,4.728275775909424,0.7060325741767883
testimages_tomatoes_b,j2k,125000,../imgs/j2k_dec/125000/testimages_tomatoes_b.png,45.11737060546875,7.235539104808256,4.484560489654541,0.3720666766166687
testimages_keyboard_a,j2k,125000,../imgs/j2k_dec/125000/testimages_keyboard_a.png,5.60321044921875,7.456788427181804,4.9163007736206055,0.3707035183906555
testimages_baloons,j2k,125000,../imgs/j2k_dec/125000/testimages_baloons.png,40.31121826171875,7.120035285027206,4.562223434448242,0.47843876481056213
testimages_ducks,j2k,125000,../imgs/j2k_dec/125000/testimages_ducks.png,44.28582763671875,7.784733451712753,4.989853858947754,0.7396981120109558
testimages_pillar,j2k,125000,../imgs/j2k_dec/125000/testimages_pillar.png,10.94451904296875,2.7864379584071686,4.5425519943237305,0.7106720805168152
testimages_cards_b,j2k,125000,../imgs/j2k_dec/125000/testimages_cards_b.png,6.44403076171875,5.621618309495929,5.446857929229736,0.4193499684333801
testimages_flowers,j2k,125000,../imgs/j2k_dec/125000/testimages_flowers.png,15.00897216796875,3.5776230008092282,4.360625743865967,0.5843693017959595
testimages_chairs,j2k,125000,../imgs/j2k_dec/125000/testimages_chairs.png,68.94256591796875,8.2612255640963,5.609286785125732,0.7078784704208374
testimages_carrots,j2k,125000,../imgs/j2k_dec/125000/testimages_carrots.png,16.69354248046875,3.6959221637558426,5.371775150299072,0.5104374289512634
testimages_apples,j2k,125000,../imgs/j2k_dec/125000/testimages_apples.png,21.21600341796875,4.5899703149017,4.52009916305542,0.7815144658088684
testimages_cushions,j2k,150000,../imgs/j2k_dec/150000/testimages_cushions.png,17.01385498046875,4.09209824528254,4.413071155548096,0.3883378505706787
testimages_socks,j2k,150000,../imgs/j2k_dec/150000/testimages_socks.png,-9.61749267578125,4.847514545415306,5.364638805389404,0.3821040391921997
testimages_cards_a,j2k,150000,../imgs/j2k_dec/150000/testimages_cards_a.png,7.17254638671875,3.0964225257262843,4.89883279800415,0.4593287408351898
testimages_tools_a,j2k,150000,../imgs/j2k_dec/150000/testimages_tools_a.png,28.52899169921875,4.157594984385491,4.672778129577637,0.3342554271221161
testimages_keyboard_b,j2k,150000,../imgs/j2k_dec/150000/testimages_keyboard_b.png,21.90740966796875,3.725851922366719,4.250850200653076,0.517244279384613
testimages_coins,j2k,150000,../imgs/j2k_dec/150000/testimages_coins.png,3.75701904296875,2.863866615408431,4.541982650756836,0.542328417301178
testimages_billiard_balls_b,j2k,150000,../imgs/j2k_dec/150000/testimages_billiard_balls_b.png,19.28240966796875,3.579898590682116,4.863099098205566,0.4487919807434082
testimages_screws,j2k,150000,../imgs/j2k_dec/150000/testimages_screws.png,28.53631591796875,4.8859739688926105,4.93277645111084,0.44685807824134827
testimages_sweets,j2k,150000,../imgs/j2k_dec/150000/testimages_sweets.png,25.88836669921875,4.76008590836299,4.424182415008545,0.4249758720397949
testimages_wood_game,j2k,150000,../imgs/j2k_dec/150000/testimages_wood_game.png,16.15203857421875,4.794396019819024,4.565291881561279,0.5552228689193726
testimages_lion,j2k,150000,../imgs/j2k_dec/150000/testimages_lion.png,6.92596435546875,3.755985891154804,4.761197566986084,0.7727694511413574
testimages_scarf,j2k,150000,../imgs/j2k_dec/150000/testimages_scarf.png,44.25213623046875,5.9206124231083415,4.702242374420166,0.5152744650840759
testimages_snails,j2k,150000,../imgs/j2k_dec/150000/testimages_snails.png,23.37908935546875,3.9567233051912654,4.644083499908447,0.42112356424331665
testimages_garden_table,j2k,150000,../imgs/j2k_dec/150000/testimages_garden_table.png,9.03826904296875,2.396155538879707,4.714208126068115,0.5619444847106934
testimages_pencils_b,j2k,150000,../imgs/j2k_dec/150000/testimages_pencils_b.png,69.25897216796875,5.0129132273291175,5.528654098510742,0.6081181764602661
testimages_roof,j2k,150000,../imgs/j2k_dec/150000/testimages_roof.png,102.09393310546875,11.948086042624428,4.986243724822998,0.516792893409729
testimages_clips,j2k,150000,../imgs/j2k_dec/150000/testimages_clips.png,96.58251953125,12.025022228821054,5.18497896194458,0.4175061285495758
testimages_guitar_fret,j2k,150000,../imgs/j2k_dec/150000/testimages_guitar_fret.png,23.88494873046875,4.031764754406094,4.774749279022217,0.4749729633331299
testimages_plastic,j2k,150000,../imgs/j2k_dec/150000/testimages_plastic.png,28.08172607421875,6.7930490430713215,5.129068851470947,0.7493856549263
testimages_billiard_balls_a,j2k,150000,../imgs/j2k_dec/150000/testimages_billiard_balls_a.png,50.59490966796875,5.388075012013784,4.845029830932617,0.45984965562820435
testimages_almonds,j2k,150000,../imgs/j2k_dec/150000/testimages_almonds.png,11.83953857421875,2.605342760768332,4.601174831390381,0.4552862048149109
testimages_tomatoes_a,j2k,150000,../imgs/j2k_dec/150000/testimages_tomatoes_a.png,35.85516357421875,8.934995293699814,5.1934590339660645,0.49065962433815
testimages_pencils_a,j2k,150000,../imgs/j2k_dec/150000/testimages_pencils_a.png,74.67596435546875,6.373019499101145,5.415872573852539,0.7328804135322571
testimages_guitar_bridge,j2k,150000,../imgs/j2k_dec/150000/testimages_guitar_bridge.png,-6.78887939453125,4.155942582272397,4.895791053771973,0.5072433352470398
testimages_multimeter,j2k,150000,../imgs/j2k_dec/150000/testimages_multimeter.png,16.40936279296875,2.880655727049181,4.014050483703613,0.5815679430961609
testimages_building,j2k,150000,../imgs/j2k_dec/150000/testimages_building.png,27.04998779296875,4.0982938576845305,4.75634765625,0.525465190410614
testimages_tools_b,j2k,150000,../imgs/j2k_dec/150000/testimages_tools_b.png,17.17498779296875,5.1432285489965475,4.7100982666015625,0.7116230726242065
testimages_fence,j2k,150000,../imgs/j2k_dec/150000/testimages_fence.png,49.20672607421875,6.083660007806395,5.409961223602295,0.5080610513687134
testimages_bananas,j2k,150000,../imgs/j2k_dec/150000/testimages_bananas.png,8.92108154296875,4.796268849129694,4.140967845916748,0.8049991726875305
testimages_guitar_head,j2k,150000,../imgs/j2k_dec/150000/testimages_guitar_head.png,27.96551513671875,3.7105186680226927,4.72881555557251,0.7160908579826355
testimages_tomatoes_b,j2k,150000,../imgs/j2k_dec/150000/testimages_tomatoes_b.png,42.73211669921875,6.879015096285354,4.4784698486328125,0.38072922825813293
testimages_keyboard_a,j2k,150000,../imgs/j2k_dec/150000/testimages_keyboard_a.png,5.38104248046875,7.088697515382974,4.926556587219238,0.3748341202735901
testimages_baloons,j2k,150000,../imgs/j2k_dec/150000/testimages_baloons.png,39.05096435546875,6.759941446289729,4.577260971069336,0.47939759492874146
testimages_ducks,j2k,150000,../imgs/j2k_dec/150000/testimages_ducks.png,43.39910888671875,7.537652853656985,4.974611759185791,0.7473837733268738
testimages_pillar,j2k,150000,../imgs/j2k_dec/150000/testimages_pillar.png,10.17449951171875,2.7415918024595474,4.551914215087891,0.721869170665741
testimages_cards_b,j2k,150000,../imgs/j2k_dec/150000/testimages_cards_b.png,5.82537841796875,5.517428101490715,5.472702503204346,0.4384998381137848
testimages_flowers,j2k,150000,../imgs/j2k_dec/150000/testimages_flowers.png,13.55194091796875,3.289796821833316,4.377201080322266,0.5967992544174194
testimages_chairs,j2k,150000,../imgs/j2k_dec/150000/testimages_chairs.png,67.99627685546875,8.315463257483085,5.60783052444458,0.7090863585472107
testimages_carrots,j2k,150000,../imgs/j2k_dec/150000/testimages_carrots.png,14.85711669921875,3.5467375419296188,5.37948751449585,0.5309687852859497
testimages_apples,j2k,150000,../imgs/j2k_dec/150000/testimages_apples.png,19.71063232421875,4.405461148903873,4.5163140296936035,0.7881190180778503
testimages_cushions,j2k,175000,../imgs/j2k_dec/175000/testimages_cushions.png,16.14666748046875,4.0701568777719945,4.413217544555664,0.3868739604949951
testimages_socks,j2k,175000,../imgs/j2k_dec/175000/testimages_socks.png,-9.00274658203125,4.9159620698731015,5.3755717277526855,0.3942200541496277
testimages_cards_a,j2k,175000,../imgs/j2k_dec/175000/testimages_cards_a.png,6.69500732421875,3.07349751446185,4.907230377197266,0.4633358120918274
testimages_tools_a,j2k,175000,../imgs/j2k_dec/175000/testimages_tools_a.png,25.69158935546875,3.475846893564884,4.67695426940918,0.3493632674217224
testimages_keyboard_b,j2k,175000,../imgs/j2k_dec/175000/testimages_keyboard_b.png,20.91082763671875,3.856947423083862,4.252427101135254,0.5368874073028564
testimages_coins,j2k,175000,../imgs/j2k_dec/175000/testimages_coins.png,2.77996826171875,2.629203036568734,4.558010101318359,0.5542020797729492
testimages_billiard_balls_b,j2k,175000,../imgs/j2k_dec/175000/testimages_billiard_balls_b.png,18.53143310546875,3.571613994190078,4.872137546539307,0.4580305516719818
testimages_screws,j2k,175000,../imgs/j2k_dec/175000/testimages_screws.png,27.74481201171875,4.858338752833054,4.916274547576904,0.44250035285949707
testimages_sweets,j2k,175000,../imgs/j2k_dec/175000/testimages_sweets.png,25.33563232421875,4.477141919263558,4.415614604949951,0.43736523389816284
testimages_wood_game,j2k,175000,../imgs/j2k_dec/175000/testimages_wood_game.png,15.74627685546875,4.814880369506646,4.565910816192627,0.5584691762924194
testimages_lion,j2k,175000,../imgs/j2k_dec/175000/testimages_lion.png,6.60858154296875,3.804466018253005,4.754882335662842,0.7818971872329712
testimages_scarf,j2k,175000,../imgs/j2k_dec/175000/testimages_scarf.png,44.45916748046875,6.158377442198443,4.699618339538574,0.5178192853927612
testimages_snails,j2k,175000,../imgs/j2k_dec/175000/testimages_snails.png,22.68865966796875,3.9344578392385015,4.651856899261475,0.4163725972175598
testimages_garden_table,j2k,175000,../imgs/j2k_dec/175000/testimages_garden_table.png,8.69647216796875,2.2014309760350486,4.724123477935791,0.5618306994438171
testimages_pencils_b,j2k,175000,../imgs/j2k_dec/175000/testimages_pencils_b.png,68.34735107421875,4.947330678293331,5.530149936676025,0.6079627871513367
testimages_roof,j2k,175000,../imgs/j2k_dec/175000/testimages_roof.png,102.18328857421875,11.878165931357545,4.981965065002441,0.5230605602264404
testimages_clips,j2k,175000,../imgs/j2k_dec/175000/testimages_clips.png,100.105224609375,12.749207237541313,5.194364547729492,0.44672688841819763
testimages_guitar_fret,j2k,175000,../imgs/j2k_dec/175000/testimages_guitar_fret.png,22.75018310546875,4.001860430564939,4.78200626373291,0.47451967000961304
testimages_plastic,j2k,175000,../imgs/j2k_dec/175000/testimages_plastic.png,27.75115966796875,6.817609290932391,5.117828845977783,0.7508462071418762
testimages_billiard_balls_a,j2k,175000,../imgs/j2k_dec/175000/testimages_billiard_balls_a.png,49.79119873046875,5.287569056474148,4.848346710205078,0.462860643863678
testimages_almonds,j2k,175000,../imgs/j2k_dec/175000/testimages_almonds.png,11.24432373046875,2.6875462979488893,4.608168125152588,0.4668803811073303
testimages_tomatoes_a,j2k,175000,../imgs/j2k_dec/175000/testimages_tomatoes_a.png,31.55780029296875,8.09599096555906,5.199674129486084,0.5075407028198242
testimages_pencils_a,j2k,175000,../imgs/j2k_dec/175000/testimages_pencils_a.png,74.13006591796875,6.399977082940962,5.412927150726318,0.7255302667617798
testimages_guitar_bridge,j2k,175000,../imgs/j2k_dec/175000/testimages_guitar_bridge.png,-6.37872314453125,4.148222437605568,4.8995842933654785,0.5167288184165955
testimages_multimeter,j2k,175000,../imgs/j2k_dec/175000/testimages_multimeter.png,15.13885498046875,2.838619371769491,4.016036033630371,0.5916163325309753
testimages_building,j2k,175000,../imgs/j2k_dec/175000/testimages_building.png,26.74139404296875,4.06064676311037,4.755369186401367,0.5217858552932739
testimages_tools_b,j2k,175000,../imgs/j2k_dec/175000/testimages_tools_b.png,16.43572998046875,5.120962105397216,4.7126359939575195,0.7278498411178589
testimages_fence,j2k,175000,../imgs/j2k_dec/175000/testimages_fence.png,48.59442138671875,6.021051589372075,5.41088342666626,0.5116310715675354
testimages_bananas,j2k,175000,../imgs/j2k_dec/175000/testimages_bananas.png,9.19305419921875,4.8783111474613206,4.131796836853027,0.807938277721405
testimages_guitar_head,j2k,175000,../imgs/j2k_dec/175000/testimages_guitar_head.png,27.15106201171875,3.572694412938105,4.748463153839111,0.7345729470252991
testimages_tomatoes_b,j2k,175000,../imgs/j2k_dec/175000/testimages_tomatoes_b.png,41.83123779296875,6.742564183818522,4.480522632598877,0.38623666763305664
testimages_keyboard_a,j2k,175000,../imgs/j2k_dec/175000/testimages_keyboard_a.png,5.61151123046875,6.995891631904087,4.924990653991699,0.3823205828666687
testimages_baloons,j2k,175000,../imgs/j2k_dec/175000/testimages_baloons.png,38.85858154296875,6.616950986106348,4.577859878540039,0.47850140929222107
testimages_ducks,j2k,175000,../imgs/j2k_dec/175000/testimages_ducks.png,42.29608154296875,7.38397846875515,4.97543478012085,0.7524034380912781
testimages_pillar,j2k,175000,../imgs/j2k_dec/175000/testimages_pillar.png,9.81512451171875,2.67779812818745,4.562518119812012,0.72571861743927
testimages_cards_b,j2k,175000,../imgs/j2k_dec/175000/testimages_cards_b.png,4.39910888671875,5.009447296850977,5.462619781494141,0.4579526484012604
testimages_flowers,j2k,175000,../imgs/j2k_dec/175000/testimages_flowers.png,12.72528076171875,3.1957208536107857,4.373463153839111,0.6131418347358704
testimages_chairs,j2k,175000,../imgs/j2k_dec/175000/testimages_chairs.png,67.13543701171875,8.312081643774754,5.606530666351318,0.7065728902816772
testimages_carrots,j2k,175000,../imgs/j2k_dec/175000/testimages_carrots.png,12.19012451171875,3.2856344174111833,5.383464336395264,0.5319206714630127
testimages_apples,j2k,175000,../imgs/j2k_dec/175000/testimages_apples.png,18.46746826171875,4.360390076656375,4.503964900970459,0.7877670526504517
